Oct-30 09:12:07.977 [main] DEBUG nextflow.cli.Launcher - $> nextflow run nf-core/rnaseq -r 3.14.0 --input /data/projects/2020/OvarianCancerHH/Data_FFPE_Pancreas/Nextflow_Results/Samplesheet.csv --outdir /data/projects/2020/OvarianCancerHH/Data_FFPE_Pancreas/Nextflow_Results --gtf /data/genomes/hg38/annotation/gencode/gencode.v44.primary_assembly.annotation.gtf --fasta /data/genomes/hg38/fasta/gencode/GRCh38.primary_assembly.genome.fa --star_index /data/genomes/hg38/index/STAR/2.7.9a/gencode/gencode.v44.GRCh38.primary_assembly.genome/200 --skip_bigwig true --skip_trimming false --gencode true --aligner star_salmon --save_unaligned true --save_align_intermeds true -profile singularity,icbi -resume
Oct-30 09:12:08.088 [main] DEBUG nextflow.cli.CmdRun - N E X T F L O W  ~  version 24.04.4
Oct-30 09:12:08.109 [main] DEBUG nextflow.plugin.PluginsFacade - Setting up plugin manager > mode=prod; embedded=false; plugins-dir=/home/rungger/.nextflow/plugins; core-plugins: nf-amazon@2.5.3,nf-azure@1.6.1,nf-cloudcache@0.4.1,nf-codecommit@0.2.1,nf-console@1.1.3,nf-ga4gh@1.3.0,nf-google@1.13.2-patch1,nf-tower@1.9.1,nf-wave@1.4.2-patch1
Oct-30 09:12:08.121 [main] INFO  o.pf4j.DefaultPluginStatusProvider - Enabled plugins: []
Oct-30 09:12:08.122 [main] INFO  o.pf4j.DefaultPluginStatusProvider - Disabled plugins: []
Oct-30 09:12:08.126 [main] INFO  org.pf4j.DefaultPluginManager - PF4J version 3.12.0 in 'deployment' mode
Oct-30 09:12:08.142 [main] INFO  org.pf4j.AbstractPluginManager - No plugins
Oct-30 09:12:08.156 [main] DEBUG nextflow.scm.ProviderConfig - Using SCM config path: /home/rungger/.nextflow/scm
Oct-30 09:12:09.024 [main] DEBUG nextflow.scm.AssetManager - Git config: /home/rungger/.nextflow/assets/nf-core/rnaseq/.git/config; branch: master; remote: origin; url: https://github.com/nf-core/rnaseq.git
Oct-30 09:12:09.055 [main] DEBUG nextflow.scm.RepositoryFactory - Found Git repository result: [RepositoryFactory]
Oct-30 09:12:09.065 [main] DEBUG nextflow.scm.AssetManager - Git config: /home/rungger/.nextflow/assets/nf-core/rnaseq/.git/config; branch: master; remote: origin; url: https://github.com/nf-core/rnaseq.git
Oct-30 09:12:09.913 [main] DEBUG nextflow.config.ConfigBuilder - Found config home: /home/rungger/.nextflow/config
Oct-30 09:12:09.914 [main] DEBUG nextflow.config.ConfigBuilder - Found config base: /home/rungger/.nextflow/assets/nf-core/rnaseq/nextflow.config
Oct-30 09:12:09.915 [main] DEBUG nextflow.config.ConfigBuilder - Found config local: /home/rungger/Scripts/Intratumoral_Microorganisms/Pipe_Nextflow/nextflow.config
Oct-30 09:12:09.917 [main] DEBUG nextflow.config.ConfigBuilder - Parsing config file: /home/rungger/.nextflow/config
Oct-30 09:12:09.917 [main] DEBUG nextflow.config.ConfigBuilder - Parsing config file: /home/rungger/.nextflow/assets/nf-core/rnaseq/nextflow.config
Oct-30 09:12:09.917 [main] DEBUG nextflow.config.ConfigBuilder - Parsing config file: /home/rungger/Scripts/Intratumoral_Microorganisms/Pipe_Nextflow/nextflow.config
Oct-30 09:12:09.926 [main] DEBUG n.secret.LocalSecretsProvider - Secrets store: /home/rungger/.nextflow/secrets/store.json
Oct-30 09:12:09.930 [main] DEBUG nextflow.secret.SecretsLoader - Discovered secrets providers: [nextflow.secret.LocalSecretsProvider@29d405e6] - activable => nextflow.secret.LocalSecretsProvider@29d405e6
Oct-30 09:12:09.943 [main] DEBUG nextflow.config.ConfigBuilder - Applying config profile: `singularity,icbi`
Oct-30 09:12:10.015 [main] DEBUG nextflow.config.ConfigBuilder - Applying config profile: `singularity,icbi`
Oct-30 09:12:11.708 [main] DEBUG nextflow.config.ConfigBuilder - Applying config profile: `singularity,icbi`
Oct-30 09:12:11.794 [main] DEBUG nextflow.config.ConfigBuilder - Available config profiles: [bih, cfc_dev, uzl_omics, ifb_core, embl_hd, denbi_qbic, alice, mjolnir_globe, uppmax, giga, incliva, ilifu, uge, rosalind_uge, lugh, mccleary, unibe_ibu, vai, czbiohub_aws, jax, roslin, ccga_med, tes, scw, unc_longleaf, tigem, tubingen_apg, google, apollo, ipop_up, vsc_calcua, pdc_kth, googlels, ceci_nic5, stjude, daisybio, eddie, medair, biowulf, apptainer, bi, bigpurple, test_full_gcp, adcra, cedars, pawsey_setonix, vsc_kul_uhasselt, pawsey_nimbus, ucl_myriad, utd_ganymede, charliecloud, icr_davros, ceres, munin, arm, rosalind, hasta, cfc, uzh, test_full_aws, shu_bmrc, ebi_codon_slurm, ebc, ccga_dx, crick, ku_sund_danhead, marvin, biohpc_gen, shifter, mana, mamba, york_viking, unc_lccc, wehi, awsbatch, wustl_htcf, arcc, ceci_dragon2, imperial, maestro, software_license, genotoul, nci_gadi, abims, janelia, nu_genomics, googlebatch, oist, sahmri, mpcdf, leicester, vsc_ugent, create, sage, cambridge, jex, podman, ebi_codon, cheaha, xanadu, nyu_hpc, test, marjorie, computerome, ucd_sonic, seg_globe, sanger, dkfz, bluebear, pasteur, einstein, ethz_euler, m3c, test_full, imb, ucl_cscluster, tuos_stanage, azurebatch, hki, crukmi, csiro_petrichor, qmul_apocrita, docker, icbi, engaging, gis, hypatia, psmn, test_full_azure, eva, nygc, fgcz, conda, crg, singularity, mpcdf_viper, pe2, self_hosted_runner, tufts, uw_hyak_pedslabs, utd_sysbio, debug, genouest, cbe, test_cache, phoenix, gitpod, seawulf, uod_hpc, fub_curta, uct_hpc, aws_tower, binac]
Oct-30 09:12:11.852 [main] DEBUG nextflow.cli.CmdRun - Applied DSL=2 from script declaration
Oct-30 09:12:11.853 [main] DEBUG nextflow.cli.CmdRun - Launching `https://github.com/nf-core/rnaseq` [thirsty_meninsky] DSL2 - revision: b89fac3265 [3.14.0]
Oct-30 09:12:11.855 [main] DEBUG nextflow.plugin.PluginsFacade - Plugins declared=[nf-validation@1.1.3]
Oct-30 09:12:11.855 [main] DEBUG nextflow.plugin.PluginsFacade - Plugins default=[]
Oct-30 09:12:11.855 [main] DEBUG nextflow.plugin.PluginsFacade - Plugins resolved requirement=[nf-validation@1.1.3]
Oct-30 09:12:11.856 [main] DEBUG nextflow.plugin.PluginUpdater - Installing plugin nf-validation version: 1.1.3
Oct-30 09:12:11.867 [main] INFO  org.pf4j.AbstractPluginManager - Plugin 'nf-validation@1.1.3' resolved
Oct-30 09:12:11.867 [main] INFO  org.pf4j.AbstractPluginManager - Start plugin 'nf-validation@1.1.3'
Oct-30 09:12:11.874 [main] DEBUG nextflow.plugin.BasePlugin - Plugin started nf-validation@1.1.3
Oct-30 09:12:11.946 [main] DEBUG nextflow.Session - Session UUID: 4303df43-fe88-4156-baaa-3d6655d8b944
Oct-30 09:12:11.946 [main] DEBUG nextflow.Session - Run name: thirsty_meninsky
Oct-30 09:12:11.946 [main] DEBUG nextflow.Session - Executor pool size: 144
Oct-30 09:12:11.956 [main] DEBUG nextflow.file.FilePorter - File porter settings maxRetries=3; maxTransfers=50; pollTimeout=null
Oct-30 09:12:11.961 [main] DEBUG nextflow.util.ThreadPoolBuilder - Creating thread pool 'FileTransfer' minSize=10; maxSize=432; workQueue=LinkedBlockingQueue[10000]; allowCoreThreadTimeout=false
Oct-30 09:12:11.980 [main] DEBUG nextflow.cli.CmdRun - 
  Version: 24.04.4 build 5917
  Created: 01-08-2024 07:05 UTC (09:05 CEST)
  System: Linux 5.14.0-362.24.1.el9_3.0.1.x86_64
  Runtime: Groovy 4.0.21 on OpenJDK 64-Bit Server VM 17.0.11+9-LTS
  Encoding: UTF-8 (UTF-8)
  Process: 3226253@leto [10.1.0.100]
  CPUs: 144 - Mem: 3 TB (2.6 TB) - Swap: 16 GB (8.4 GB)
Oct-30 09:12:12.004 [main] DEBUG nextflow.Session - Work-dir: /home/rungger/Scripts/Intratumoral_Microorganisms/Pipe_Nextflow/work [ceph]
Oct-30 09:12:12.044 [main] DEBUG nextflow.executor.ExecutorFactory - Extension executors providers=[]
Oct-30 09:12:12.055 [main] DEBUG nextflow.Session - Observer factory: DefaultObserverFactory
Oct-30 09:12:12.148 [main] DEBUG nextflow.cache.CacheFactory - Using Nextflow cache factory: nextflow.cache.DefaultCacheFactory
Oct-30 09:12:12.160 [main] DEBUG nextflow.util.CustomThreadPool - Creating default thread pool > poolSize: 145; maxThreads: 1000
Oct-30 09:12:12.257 [main] DEBUG nextflow.Session - Session start
Oct-30 09:12:12.260 [main] DEBUG nextflow.trace.TraceFileObserver - Workflow started -- trace file: /data/projects/2020/OvarianCancerHH/Data_FFPE_Pancreas/Nextflow_Results/pipeline_info/execution_trace_2024-10-30_09-12-10.txt
Oct-30 09:12:12.267 [main] DEBUG nextflow.Session - Using default localLib path: /home/rungger/.nextflow/assets/nf-core/rnaseq/lib
Oct-30 09:12:12.271 [main] DEBUG nextflow.Session - Adding to the classpath library: /home/rungger/.nextflow/assets/nf-core/rnaseq/lib
Oct-30 09:12:12.272 [main] DEBUG nextflow.Session - Adding to the classpath library: /home/rungger/.nextflow/assets/nf-core/rnaseq/lib/nfcore_external_java_deps.jar
Oct-30 09:12:12.685 [main] DEBUG nextflow.script.ScriptRunner - > Launching execution
Oct-30 09:12:12.705 [main] DEBUG nextflow.script.IncludeDef - Loading included plugin extensions with names: [validateParameters:validateParameters, paramsHelp:paramsHelp]; plugin Id: nf-validation
Oct-30 09:12:12.726 [main] DEBUG nextflow.validation.SchemaValidator - Starting parameters validation
Oct-30 09:12:12.899 [main] WARN  nextflow.validation.SchemaValidator - The following invalid input values have been detected:

* --outpath: null
* --krakendb: /data/databases/kraken2/k2_pluspf_20240605


Oct-30 09:12:12.915 [main] DEBUG n.validation.DirectoryPathValidator - S3 paths are not supported by 'DirectoryPathValidator': 's3://ngi-igenomes/igenomes'
Oct-30 09:12:12.917 [main] DEBUG nextflow.validation.SchemaValidator - Starting validation: 'input': '/data/projects/2020/OvarianCancerHH/Data_FFPE_Pancreas/Nextflow_Results/Samplesheet.csv' with '/home/rungger/.nextflow/assets/nf-core/rnaseq/assets/schema_input.json'
Oct-30 09:12:12.961 [main] DEBUG nextflow.validation.SchemaValidator - Validation passed: 'input': '/data/projects/2020/OvarianCancerHH/Data_FFPE_Pancreas/Nextflow_Results/Samplesheet.csv' with '/home/rungger/.nextflow/assets/nf-core/rnaseq/assets/schema_input.json'
Oct-30 09:12:12.961 [main] DEBUG nextflow.validation.SchemaValidator - Finishing parameters validation
Oct-30 09:12:12.965 [main] WARN  nextflow.Nextflow - ~~~~~~~~~~~~~~~~~~~~~~~~~~~~~~~~~~~~~~~~~~~~~~~~~~~~~~~~~~~~~~~~~~~~~~
  Multiple config files detected!
  Please provide pipeline parameters via the CLI or Nextflow '-params-file' option.
  Custom config files including those provided by the '-c' Nextflow option can be
  used to provide any configuration except for parameters.

  Docs: https://nf-co.re/usage/configuration#custom-configuration-files
~~~~~~~~~~~~~~~~~~~~~~~~~~~~~~~~~~~~~~~~~~~~~~~~~~~~~~~~~~~~~~~~~~~~~~~~~~~~
Oct-30 09:12:13.993 [main] DEBUG nextflow.script.IncludeDef - Loading included plugin extensions with names: [paramsSummaryLog:paramsSummaryLog, paramsSummaryMap:paramsSummaryMap, fromSamplesheet:fromSamplesheet]; plugin Id: nf-validation
Oct-30 09:12:14.018 [main] INFO  nextflow.Nextflow - 

-[2m----------------------------------------------------[0m-
                                        [0;32m,--.[0;30m/[0;32m,-.[0m
[0;34m        ___     __   __   __   ___     [0;32m/,-._.--~'[0m
[0;34m  |\ | |__  __ /  ` /  \ |__) |__         [0;33m}  {[0m
[0;34m  | \| |       \__, \__/ |  \ |___     [0;32m\`-._,-`-,[0m
                                        [0;32m`._,._,'[0m
[0;35m  nf-core/rnaseq v3.14.0-gb89fac3[0m
-[2m----------------------------------------------------[0m-
[1mCore Nextflow options[0m
  [0;34mrevision            : [0;32m3.14.0[0m
  [0;34mrunName             : [0;32mthirsty_meninsky[0m
  [0;34mcontainerEngine     : [0;32msingularity[0m
  [0;34mlaunchDir           : [0;32m/home/rungger/Scripts/Intratumoral_Microorganisms/Pipe_Nextflow[0m
  [0;34mworkDir             : [0;32m/home/rungger/Scripts/Intratumoral_Microorganisms/Pipe_Nextflow/work[0m
  [0;34mprojectDir          : [0;32m/home/rungger/.nextflow/assets/nf-core/rnaseq[0m
  [0;34muserName            : [0;32mrungger[0m
  [0;34mprofile             : [0;32msingularity,icbi[0m
  [0;34mconfigFiles         : [0;32m[0m

[1mInput/output options[0m
  [0;34minput               : [0;32m/data/projects/2020/OvarianCancerHH/Data_FFPE_Pancreas/Nextflow_Results/Samplesheet.csv[0m
  [0;34moutdir              : [0;32m/data/projects/2020/OvarianCancerHH/Data_FFPE_Pancreas/Nextflow_Results[0m

[1mReference genome options[0m
  [0;34mfasta               : [0;32m/data/genomes/hg38/fasta/gencode/GRCh38.primary_assembly.genome.fa[0m
  [0;34mgtf                 : [0;32m/data/genomes/hg38/annotation/gencode/gencode.v44.primary_assembly.annotation.gtf[0m
  [0;34mstar_index          : [0;32m/data/genomes/hg38/index/STAR/2.7.9a/gencode/gencode.v44.GRCh38.primary_assembly.genome/200[0m
  [0;34mgencode             : [0;32mtrue[0m

[1mAlignment options[0m
  [0;34mmin_mapped_reads    : [0;32m5[0m

[1mOptional outputs[0m
  [0;34msave_align_intermeds: [0;32mtrue[0m
  [0;34msave_unaligned      : [0;32mtrue[0m

[1mProcess skipping options[0m
  [0;34mskip_bigwig         : [0;32mtrue[0m

[1mMax job request options[0m
  [0;34mmax_memory          : [0;32m1000.GB[0m
  [0;34mmax_time            : [0;32m6.h[0m

!! Only displaying parameters that differ from the pipeline defaults !!
-[2m----------------------------------------------------[0m-
If you use nf-core/rnaseq for your analysis please cite:

* The pipeline
  https://doi.org/10.5281/zenodo.1400710

* The nf-core framework
  https://doi.org/10.1038/s41587-020-0439-x

* Software dependencies
  https://github.com/nf-core/rnaseq/blob/master/CITATIONS.md

Oct-30 09:12:20.863 [main] DEBUG nextflow.script.ProcessConfig - Config settings `withName:GTF_FILTER` matches process NFCORE_RNASEQ:RNASEQ:PREPARE_GENOME:GTF_FILTER
Oct-30 09:12:20.878 [main] DEBUG nextflow.executor.ExecutorFactory - << taskConfig executor: slurm
Oct-30 09:12:20.878 [main] DEBUG nextflow.executor.ExecutorFactory - >> processorType: 'slurm'
Oct-30 09:12:20.889 [main] DEBUG nextflow.executor.Executor - [warm up] executor > slurm
Oct-30 09:12:20.896 [main] DEBUG n.processor.TaskPollingMonitor - Creating task monitor for executor 'slurm' > capacity: 600; pollInterval: 5s; dumpInterval: 5m 
Oct-30 09:12:20.898 [main] DEBUG n.processor.TaskPollingMonitor - >>> barrier register (monitor: slurm)
Oct-30 09:12:20.900 [main] DEBUG n.executor.AbstractGridExecutor - Creating executor 'slurm' > queue-stat-interval: 1m
Oct-30 09:12:20.984 [main] DEBUG nextflow.script.ProcessConfig - Config settings `withLabel:process_low` matches labels `process_low` for process with name NFCORE_RNASEQ:RNASEQ:PREPARE_GENOME:GTF2BED
Oct-30 09:12:20.986 [main] DEBUG nextflow.script.ProcessConfig - Config settings `withName:GTF2BED` matches process NFCORE_RNASEQ:RNASEQ:PREPARE_GENOME:GTF2BED
Oct-30 09:12:20.990 [main] DEBUG nextflow.executor.ExecutorFactory - << taskConfig executor: slurm
Oct-30 09:12:20.990 [main] DEBUG nextflow.executor.ExecutorFactory - >> processorType: 'slurm'
Oct-30 09:12:21.001 [main] DEBUG nextflow.script.ProcessConfig - Config settings `withLabel:process_high` matches labels `process_high` for process with name NFCORE_RNASEQ:RNASEQ:PREPARE_GENOME:MAKE_TRANSCRIPTS_FASTA
Oct-30 09:12:21.003 [main] DEBUG nextflow.script.ProcessConfig - Config settings `withName:GUNZIP_.*|MAKE_TRANSCRIPTS_FASTA` matches process NFCORE_RNASEQ:RNASEQ:PREPARE_GENOME:MAKE_TRANSCRIPTS_FASTA
Oct-30 09:12:21.007 [main] DEBUG nextflow.executor.ExecutorFactory - << taskConfig executor: slurm
Oct-30 09:12:21.007 [main] DEBUG nextflow.executor.ExecutorFactory - >> processorType: 'slurm'
Oct-30 09:12:21.037 [main] DEBUG nextflow.script.ProcessConfig - Config settings `withLabel:process_single` matches labels `process_single` for process with name NFCORE_RNASEQ:RNASEQ:PREPARE_GENOME:CUSTOM_GETCHROMSIZES
Oct-30 09:12:21.038 [main] DEBUG nextflow.script.ProcessConfig - Config settings `withName:CUSTOM_GETCHROMSIZES` matches process NFCORE_RNASEQ:RNASEQ:PREPARE_GENOME:CUSTOM_GETCHROMSIZES
Oct-30 09:12:21.045 [main] DEBUG nextflow.executor.ExecutorFactory - << taskConfig executor: slurm
Oct-30 09:12:21.045 [main] DEBUG nextflow.executor.ExecutorFactory - >> processorType: 'slurm'
Oct-30 09:12:21.065 [main] DEBUG nextflow.validation.SchemaValidator - Starting validation: '/data/projects/2020/OvarianCancerHH/Data_FFPE_Pancreas/Nextflow_Results/Samplesheet.csv' with '/home/rungger/.nextflow/assets/nf-core/rnaseq/assets/schema_input.json'
Oct-30 09:12:21.070 [main] DEBUG nextflow.validation.SchemaValidator - Validation passed: '/data/projects/2020/OvarianCancerHH/Data_FFPE_Pancreas/Nextflow_Results/Samplesheet.csv' with '/home/rungger/.nextflow/assets/nf-core/rnaseq/assets/schema_input.json'
Oct-30 09:12:21.095 [main] DEBUG nextflow.script.ProcessConfig - Config settings `withLabel:process_single` matches labels `process_single` for process with name NFCORE_RNASEQ:RNASEQ:CAT_FASTQ
Oct-30 09:12:21.096 [main] DEBUG nextflow.script.ProcessConfig - Config settings `withName:CAT_FASTQ` matches process NFCORE_RNASEQ:RNASEQ:CAT_FASTQ
Oct-30 09:12:21.100 [main] DEBUG nextflow.executor.ExecutorFactory - << taskConfig executor: slurm
Oct-30 09:12:21.100 [main] DEBUG nextflow.executor.ExecutorFactory - >> processorType: 'slurm'
Oct-30 09:12:21.125 [main] DEBUG nextflow.script.ProcessConfig - Config settings `withLabel:process_medium` matches labels `process_medium` for process with name NFCORE_RNASEQ:RNASEQ:FASTQ_FASTQC_UMITOOLS_TRIMGALORE:FASTQC
Oct-30 09:12:21.126 [main] DEBUG nextflow.script.ProcessConfig - Config settings `withName:.*:FASTQ_FASTQC_UMITOOLS_TRIMGALORE:FASTQC` matches process NFCORE_RNASEQ:RNASEQ:FASTQ_FASTQC_UMITOOLS_TRIMGALORE:FASTQC
Oct-30 09:12:21.129 [main] DEBUG nextflow.executor.ExecutorFactory - << taskConfig executor: slurm
Oct-30 09:12:21.129 [main] DEBUG nextflow.executor.ExecutorFactory - >> processorType: 'slurm'
Oct-30 09:12:21.145 [main] DEBUG nextflow.script.ProcessConfig - Config settings `withLabel:process_high` matches labels `process_high` for process with name NFCORE_RNASEQ:RNASEQ:FASTQ_FASTQC_UMITOOLS_TRIMGALORE:TRIMGALORE
Oct-30 09:12:21.146 [main] DEBUG nextflow.script.ProcessConfig - Config settings `withName:.*:FASTQ_FASTQC_UMITOOLS_TRIMGALORE:TRIMGALORE` matches process NFCORE_RNASEQ:RNASEQ:FASTQ_FASTQC_UMITOOLS_TRIMGALORE:TRIMGALORE
Oct-30 09:12:21.150 [main] DEBUG nextflow.executor.ExecutorFactory - << taskConfig executor: slurm
Oct-30 09:12:21.150 [main] DEBUG nextflow.executor.ExecutorFactory - >> processorType: 'slurm'
Oct-30 09:12:21.207 [main] DEBUG nextflow.script.ProcessConfig - Config settings `withLabel:process_medium` matches labels `process_medium` for process with name NFCORE_RNASEQ:RNASEQ:FASTQ_SUBSAMPLE_FQ_SALMON:SALMON_INDEX
Oct-30 09:12:21.207 [main] DEBUG nextflow.script.ProcessConfig - Config settings `withName:SALMON_INDEX` matches process NFCORE_RNASEQ:RNASEQ:FASTQ_SUBSAMPLE_FQ_SALMON:SALMON_INDEX
Oct-30 09:12:21.210 [main] DEBUG nextflow.executor.ExecutorFactory - << taskConfig executor: slurm
Oct-30 09:12:21.211 [main] DEBUG nextflow.executor.ExecutorFactory - >> processorType: 'slurm'
Oct-30 09:12:21.221 [main] DEBUG nextflow.script.ProcessConfig - Config settings `withLabel:process_single` matches labels `process_single` for process with name NFCORE_RNASEQ:RNASEQ:FASTQ_SUBSAMPLE_FQ_SALMON:FQ_SUBSAMPLE
Oct-30 09:12:21.222 [main] DEBUG nextflow.script.ProcessConfig - Config settings `withName:FQ_SUBSAMPLE` matches process NFCORE_RNASEQ:RNASEQ:FASTQ_SUBSAMPLE_FQ_SALMON:FQ_SUBSAMPLE
Oct-30 09:12:21.225 [main] DEBUG nextflow.executor.ExecutorFactory - << taskConfig executor: slurm
Oct-30 09:12:21.225 [main] DEBUG nextflow.executor.ExecutorFactory - >> processorType: 'slurm'
Oct-30 09:12:21.238 [main] DEBUG nextflow.script.ProcessConfig - Config settings `withLabel:process_medium` matches labels `process_medium` for process with name NFCORE_RNASEQ:RNASEQ:FASTQ_SUBSAMPLE_FQ_SALMON:SALMON_QUANT
Oct-30 09:12:21.240 [main] DEBUG nextflow.script.ProcessConfig - Config settings `withName:.*:FASTQ_SUBSAMPLE_FQ_SALMON:SALMON_QUANT` matches process NFCORE_RNASEQ:RNASEQ:FASTQ_SUBSAMPLE_FQ_SALMON:SALMON_QUANT
Oct-30 09:12:21.243 [main] DEBUG nextflow.executor.ExecutorFactory - << taskConfig executor: slurm
Oct-30 09:12:21.243 [main] DEBUG nextflow.executor.ExecutorFactory - >> processorType: 'slurm'
Oct-30 09:12:21.294 [main] DEBUG nextflow.script.ProcessConfig - Config settings `withLabel:process_high` matches labels `process_high` for process with name NFCORE_RNASEQ:RNASEQ:ALIGN_STAR:STAR_ALIGN
Oct-30 09:12:21.295 [main] DEBUG nextflow.script.ProcessConfig - Config settings `withName:.*:ALIGN_STAR:STAR_ALIGN|.*:ALIGN_STAR:STAR_ALIGN_IGENOMES` matches process NFCORE_RNASEQ:RNASEQ:ALIGN_STAR:STAR_ALIGN
Oct-30 09:12:21.300 [main] DEBUG nextflow.executor.ExecutorFactory - << taskConfig executor: slurm
Oct-30 09:12:21.300 [main] DEBUG nextflow.executor.ExecutorFactory - >> processorType: 'slurm'
Oct-30 09:12:21.319 [main] DEBUG nextflow.script.ProcessConfig - Config settings `withLabel:process_medium` matches labels `process_medium` for process with name NFCORE_RNASEQ:RNASEQ:ALIGN_STAR:BAM_SORT_STATS_SAMTOOLS:SAMTOOLS_SORT
Oct-30 09:12:21.320 [main] DEBUG nextflow.script.ProcessConfig - Config settings `withName:NFCORE_RNASEQ:RNASEQ:.*:BAM_SORT_STATS_SAMTOOLS:SAMTOOLS_SORT` matches process NFCORE_RNASEQ:RNASEQ:ALIGN_STAR:BAM_SORT_STATS_SAMTOOLS:SAMTOOLS_SORT
Oct-30 09:12:21.322 [main] DEBUG nextflow.executor.ExecutorFactory - << taskConfig executor: slurm
Oct-30 09:12:21.323 [main] DEBUG nextflow.executor.ExecutorFactory - >> processorType: 'slurm'
Oct-30 09:12:21.333 [main] DEBUG nextflow.script.ProcessConfig - Config settings `withLabel:process_low` matches labels `process_low` for process with name NFCORE_RNASEQ:RNASEQ:ALIGN_STAR:BAM_SORT_STATS_SAMTOOLS:SAMTOOLS_INDEX
Oct-30 09:12:21.334 [main] DEBUG nextflow.script.ProcessConfig - Config settings `withName:NFCORE_RNASEQ:RNASEQ:.*:BAM_SORT_STATS_SAMTOOLS:SAMTOOLS_INDEX` matches process NFCORE_RNASEQ:RNASEQ:ALIGN_STAR:BAM_SORT_STATS_SAMTOOLS:SAMTOOLS_INDEX
Oct-30 09:12:21.337 [main] DEBUG nextflow.executor.ExecutorFactory - << taskConfig executor: slurm
Oct-30 09:12:21.337 [main] DEBUG nextflow.executor.ExecutorFactory - >> processorType: 'slurm'
Oct-30 09:12:21.354 [main] DEBUG nextflow.script.ProcessConfig - Config settings `withLabel:process_single` matches labels `process_single` for process with name NFCORE_RNASEQ:RNASEQ:ALIGN_STAR:BAM_SORT_STATS_SAMTOOLS:BAM_STATS_SAMTOOLS:SAMTOOLS_STATS
Oct-30 09:12:21.355 [main] DEBUG nextflow.script.ProcessConfig - Config settings `withName:NFCORE_RNASEQ:RNASEQ:.*:BAM_SORT_STATS_SAMTOOLS:BAM_STATS_SAMTOOLS:.*` matches process NFCORE_RNASEQ:RNASEQ:ALIGN_STAR:BAM_SORT_STATS_SAMTOOLS:BAM_STATS_SAMTOOLS:SAMTOOLS_STATS
Oct-30 09:12:21.357 [main] DEBUG nextflow.executor.ExecutorFactory - << taskConfig executor: slurm
Oct-30 09:12:21.357 [main] DEBUG nextflow.executor.ExecutorFactory - >> processorType: 'slurm'
Oct-30 09:12:21.365 [main] DEBUG nextflow.script.ProcessConfig - Config settings `withLabel:process_single` matches labels `process_single` for process with name NFCORE_RNASEQ:RNASEQ:ALIGN_STAR:BAM_SORT_STATS_SAMTOOLS:BAM_STATS_SAMTOOLS:SAMTOOLS_FLAGSTAT
Oct-30 09:12:21.367 [main] DEBUG nextflow.script.ProcessConfig - Config settings `withName:NFCORE_RNASEQ:RNASEQ:.*:BAM_SORT_STATS_SAMTOOLS:BAM_STATS_SAMTOOLS:.*` matches process NFCORE_RNASEQ:RNASEQ:ALIGN_STAR:BAM_SORT_STATS_SAMTOOLS:BAM_STATS_SAMTOOLS:SAMTOOLS_FLAGSTAT
Oct-30 09:12:21.370 [main] DEBUG nextflow.executor.ExecutorFactory - << taskConfig executor: slurm
Oct-30 09:12:21.370 [main] DEBUG nextflow.executor.ExecutorFactory - >> processorType: 'slurm'
Oct-30 09:12:21.378 [main] DEBUG nextflow.script.ProcessConfig - Config settings `withLabel:process_single` matches labels `process_single` for process with name NFCORE_RNASEQ:RNASEQ:ALIGN_STAR:BAM_SORT_STATS_SAMTOOLS:BAM_STATS_SAMTOOLS:SAMTOOLS_IDXSTATS
Oct-30 09:12:21.379 [main] DEBUG nextflow.script.ProcessConfig - Config settings `withName:NFCORE_RNASEQ:RNASEQ:.*:BAM_SORT_STATS_SAMTOOLS:BAM_STATS_SAMTOOLS:.*` matches process NFCORE_RNASEQ:RNASEQ:ALIGN_STAR:BAM_SORT_STATS_SAMTOOLS:BAM_STATS_SAMTOOLS:SAMTOOLS_IDXSTATS
Oct-30 09:12:21.381 [main] DEBUG nextflow.executor.ExecutorFactory - << taskConfig executor: slurm
Oct-30 09:12:21.381 [main] DEBUG nextflow.executor.ExecutorFactory - >> processorType: 'slurm'
Oct-30 09:12:21.416 [main] DEBUG nextflow.script.ProcessConfig - Config settings `withLabel:process_medium` matches labels `process_medium` for process with name NFCORE_RNASEQ:RNASEQ:QUANTIFY_STAR_SALMON:SALMON_QUANT
Oct-30 09:12:21.417 [main] DEBUG nextflow.script.ProcessConfig - Config settings `withName:.*:QUANTIFY_STAR_SALMON:SALMON_QUANT` matches process NFCORE_RNASEQ:RNASEQ:QUANTIFY_STAR_SALMON:SALMON_QUANT
Oct-30 09:12:21.419 [main] DEBUG nextflow.executor.ExecutorFactory - << taskConfig executor: slurm
Oct-30 09:12:21.419 [main] DEBUG nextflow.executor.ExecutorFactory - >> processorType: 'slurm'
Oct-30 09:12:21.431 [main] DEBUG nextflow.script.ProcessConfig - Config settings `withLabel:process_low` matches labels `process_low` for process with name NFCORE_RNASEQ:RNASEQ:QUANTIFY_STAR_SALMON:TX2GENE
Oct-30 09:12:21.433 [main] DEBUG nextflow.script.ProcessConfig - Config settings `withName:.*:QUANTIFY_STAR_SALMON:TX2GENE` matches process NFCORE_RNASEQ:RNASEQ:QUANTIFY_STAR_SALMON:TX2GENE
Oct-30 09:12:21.435 [main] DEBUG nextflow.executor.ExecutorFactory - << taskConfig executor: slurm
Oct-30 09:12:21.435 [main] DEBUG nextflow.executor.ExecutorFactory - >> processorType: 'slurm'
Oct-30 09:12:21.445 [main] DEBUG nextflow.script.ProcessConfig - Config settings `withLabel:process_medium` matches labels `process_medium` for process with name NFCORE_RNASEQ:RNASEQ:QUANTIFY_STAR_SALMON:TXIMPORT
Oct-30 09:12:21.446 [main] DEBUG nextflow.script.ProcessConfig - Config settings `withName:.*:QUANTIFY_STAR_SALMON:TXIMPORT` matches process NFCORE_RNASEQ:RNASEQ:QUANTIFY_STAR_SALMON:TXIMPORT
Oct-30 09:12:21.448 [main] DEBUG nextflow.executor.ExecutorFactory - << taskConfig executor: slurm
Oct-30 09:12:21.448 [main] DEBUG nextflow.executor.ExecutorFactory - >> processorType: 'slurm'
Oct-30 09:12:21.458 [main] DEBUG nextflow.script.ProcessConfig - Config settings `withLabel:process_medium` matches labels `process_medium` for process with name NFCORE_RNASEQ:RNASEQ:QUANTIFY_STAR_SALMON:SE_GENE
Oct-30 09:12:21.460 [main] DEBUG nextflow.script.ProcessConfig - Config settings `withName:.*:QUANTIFY_STAR_SALMON:SE_.*` matches process NFCORE_RNASEQ:RNASEQ:QUANTIFY_STAR_SALMON:SE_GENE
Oct-30 09:12:21.461 [main] DEBUG nextflow.executor.ExecutorFactory - << taskConfig executor: slurm
Oct-30 09:12:21.461 [main] DEBUG nextflow.executor.ExecutorFactory - >> processorType: 'slurm'
Oct-30 09:12:21.468 [main] DEBUG nextflow.script.ProcessConfig - Config settings `withLabel:process_medium` matches labels `process_medium` for process with name NFCORE_RNASEQ:RNASEQ:QUANTIFY_STAR_SALMON:SE_GENE_LENGTH_SCALED
Oct-30 09:12:21.469 [main] DEBUG nextflow.script.ProcessConfig - Config settings `withName:.*:QUANTIFY_STAR_SALMON:SE_.*` matches process NFCORE_RNASEQ:RNASEQ:QUANTIFY_STAR_SALMON:SE_GENE_LENGTH_SCALED
Oct-30 09:12:21.471 [main] DEBUG nextflow.executor.ExecutorFactory - << taskConfig executor: slurm
Oct-30 09:12:21.471 [main] DEBUG nextflow.executor.ExecutorFactory - >> processorType: 'slurm'
Oct-30 09:12:21.475 [main] DEBUG nextflow.script.ProcessConfig - Config settings `withLabel:process_medium` matches labels `process_medium` for process with name NFCORE_RNASEQ:RNASEQ:QUANTIFY_STAR_SALMON:SE_GENE_SCALED
Oct-30 09:12:21.477 [main] DEBUG nextflow.script.ProcessConfig - Config settings `withName:.*:QUANTIFY_STAR_SALMON:SE_.*` matches process NFCORE_RNASEQ:RNASEQ:QUANTIFY_STAR_SALMON:SE_GENE_SCALED
Oct-30 09:12:21.478 [main] DEBUG nextflow.executor.ExecutorFactory - << taskConfig executor: slurm
Oct-30 09:12:21.478 [main] DEBUG nextflow.executor.ExecutorFactory - >> processorType: 'slurm'
Oct-30 09:12:21.482 [main] DEBUG nextflow.script.ProcessConfig - Config settings `withLabel:process_medium` matches labels `process_medium` for process with name NFCORE_RNASEQ:RNASEQ:QUANTIFY_STAR_SALMON:SE_TRANSCRIPT
Oct-30 09:12:21.484 [main] DEBUG nextflow.script.ProcessConfig - Config settings `withName:.*:QUANTIFY_STAR_SALMON:SE_.*` matches process NFCORE_RNASEQ:RNASEQ:QUANTIFY_STAR_SALMON:SE_TRANSCRIPT
Oct-30 09:12:21.485 [main] DEBUG nextflow.executor.ExecutorFactory - << taskConfig executor: slurm
Oct-30 09:12:21.485 [main] DEBUG nextflow.executor.ExecutorFactory - >> processorType: 'slurm'
Oct-30 09:12:21.495 [main] DEBUG nextflow.script.ProcessConfig - Config settings `withLabel:process_medium` matches labels `process_medium` for process with name NFCORE_RNASEQ:RNASEQ:DESEQ2_QC_STAR_SALMON
Oct-30 09:12:21.496 [main] DEBUG nextflow.script.ProcessConfig - Config settings `withName:DESEQ2_QC_STAR_SALMON` matches process NFCORE_RNASEQ:RNASEQ:DESEQ2_QC_STAR_SALMON
Oct-30 09:12:21.499 [main] DEBUG nextflow.executor.ExecutorFactory - << taskConfig executor: slurm
Oct-30 09:12:21.499 [main] DEBUG nextflow.executor.ExecutorFactory - >> processorType: 'slurm'
Oct-30 09:12:21.534 [main] DEBUG nextflow.script.ProcessConfig - Config settings `withLabel:process_medium` matches labels `process_medium` for process with name NFCORE_RNASEQ:RNASEQ:BAM_MARKDUPLICATES_PICARD:PICARD_MARKDUPLICATES
Oct-30 09:12:21.536 [main] DEBUG nextflow.script.ProcessConfig - Config settings `withName:.*:BAM_MARKDUPLICATES_PICARD:PICARD_MARKDUPLICATES` matches process NFCORE_RNASEQ:RNASEQ:BAM_MARKDUPLICATES_PICARD:PICARD_MARKDUPLICATES
Oct-30 09:12:21.538 [main] DEBUG nextflow.executor.ExecutorFactory - << taskConfig executor: slurm
Oct-30 09:12:21.538 [main] DEBUG nextflow.executor.ExecutorFactory - >> processorType: 'slurm'
Oct-30 09:12:21.549 [main] DEBUG nextflow.script.ProcessConfig - Config settings `withLabel:process_low` matches labels `process_low` for process with name NFCORE_RNASEQ:RNASEQ:BAM_MARKDUPLICATES_PICARD:SAMTOOLS_INDEX
Oct-30 09:12:21.550 [main] DEBUG nextflow.script.ProcessConfig - Config settings `withName:.*:BAM_MARKDUPLICATES_PICARD:SAMTOOLS_INDEX` matches process NFCORE_RNASEQ:RNASEQ:BAM_MARKDUPLICATES_PICARD:SAMTOOLS_INDEX
Oct-30 09:12:21.552 [main] DEBUG nextflow.executor.ExecutorFactory - << taskConfig executor: slurm
Oct-30 09:12:21.553 [main] DEBUG nextflow.executor.ExecutorFactory - >> processorType: 'slurm'
Oct-30 09:12:21.571 [main] DEBUG nextflow.script.ProcessConfig - Config settings `withLabel:process_single` matches labels `process_single` for process with name NFCORE_RNASEQ:RNASEQ:BAM_MARKDUPLICATES_PICARD:BAM_STATS_SAMTOOLS:SAMTOOLS_STATS
Oct-30 09:12:21.573 [main] DEBUG nextflow.script.ProcessConfig - Config settings `withName:.*:BAM_MARKDUPLICATES_PICARD:BAM_STATS_SAMTOOLS:.*` matches process NFCORE_RNASEQ:RNASEQ:BAM_MARKDUPLICATES_PICARD:BAM_STATS_SAMTOOLS:SAMTOOLS_STATS
Oct-30 09:12:21.574 [main] DEBUG nextflow.executor.ExecutorFactory - << taskConfig executor: slurm
Oct-30 09:12:21.574 [main] DEBUG nextflow.executor.ExecutorFactory - >> processorType: 'slurm'
Oct-30 09:12:21.583 [main] DEBUG nextflow.script.ProcessConfig - Config settings `withLabel:process_single` matches labels `process_single` for process with name NFCORE_RNASEQ:RNASEQ:BAM_MARKDUPLICATES_PICARD:BAM_STATS_SAMTOOLS:SAMTOOLS_FLAGSTAT
Oct-30 09:12:21.585 [main] DEBUG nextflow.script.ProcessConfig - Config settings `withName:.*:BAM_MARKDUPLICATES_PICARD:BAM_STATS_SAMTOOLS:.*` matches process NFCORE_RNASEQ:RNASEQ:BAM_MARKDUPLICATES_PICARD:BAM_STATS_SAMTOOLS:SAMTOOLS_FLAGSTAT
Oct-30 09:12:21.586 [main] DEBUG nextflow.executor.ExecutorFactory - << taskConfig executor: slurm
Oct-30 09:12:21.586 [main] DEBUG nextflow.executor.ExecutorFactory - >> processorType: 'slurm'
Oct-30 09:12:21.599 [main] DEBUG nextflow.script.ProcessConfig - Config settings `withLabel:process_single` matches labels `process_single` for process with name NFCORE_RNASEQ:RNASEQ:BAM_MARKDUPLICATES_PICARD:BAM_STATS_SAMTOOLS:SAMTOOLS_IDXSTATS
Oct-30 09:12:21.601 [main] DEBUG nextflow.script.ProcessConfig - Config settings `withName:.*:BAM_MARKDUPLICATES_PICARD:BAM_STATS_SAMTOOLS:.*` matches process NFCORE_RNASEQ:RNASEQ:BAM_MARKDUPLICATES_PICARD:BAM_STATS_SAMTOOLS:SAMTOOLS_IDXSTATS
Oct-30 09:12:21.604 [main] DEBUG nextflow.executor.ExecutorFactory - << taskConfig executor: slurm
Oct-30 09:12:21.604 [main] DEBUG nextflow.executor.ExecutorFactory - >> processorType: 'slurm'
Oct-30 09:12:21.621 [main] DEBUG nextflow.script.ProcessConfig - Config settings `withLabel:process_medium` matches labels `process_medium` for process with name NFCORE_RNASEQ:RNASEQ:STRINGTIE_STRINGTIE
Oct-30 09:12:21.622 [main] DEBUG nextflow.script.ProcessConfig - Config settings `withName:STRINGTIE_STRINGTIE` matches process NFCORE_RNASEQ:RNASEQ:STRINGTIE_STRINGTIE
Oct-30 09:12:21.625 [main] DEBUG nextflow.executor.ExecutorFactory - << taskConfig executor: slurm
Oct-30 09:12:21.625 [main] DEBUG nextflow.executor.ExecutorFactory - >> processorType: 'slurm'
Oct-30 09:12:21.650 [main] DEBUG nextflow.script.ProcessConfig - Config settings `withLabel:process_medium` matches labels `process_medium` for process with name NFCORE_RNASEQ:RNASEQ:SUBREAD_FEATURECOUNTS
Oct-30 09:12:21.651 [main] DEBUG nextflow.script.ProcessConfig - Config settings `withName:SUBREAD_FEATURECOUNTS` matches process NFCORE_RNASEQ:RNASEQ:SUBREAD_FEATURECOUNTS
Oct-30 09:12:21.653 [main] DEBUG nextflow.executor.ExecutorFactory - << taskConfig executor: slurm
Oct-30 09:12:21.653 [main] DEBUG nextflow.executor.ExecutorFactory - >> processorType: 'slurm'
Oct-30 09:12:21.663 [main] DEBUG nextflow.script.ProcessConfig - Config settings `withName:MULTIQC_CUSTOM_BIOTYPE` matches process NFCORE_RNASEQ:RNASEQ:MULTIQC_CUSTOM_BIOTYPE
Oct-30 09:12:21.665 [main] DEBUG nextflow.executor.ExecutorFactory - << taskConfig executor: slurm
Oct-30 09:12:21.665 [main] DEBUG nextflow.executor.ExecutorFactory - >> processorType: 'slurm'
Oct-30 09:12:21.683 [main] DEBUG nextflow.script.ProcessConfig - Config settings `withLabel:process_medium` matches labels `process_medium` for process with name NFCORE_RNASEQ:RNASEQ:QUALIMAP_RNASEQ
Oct-30 09:12:21.684 [main] DEBUG nextflow.script.ProcessConfig - Config settings `withName:QUALIMAP_RNASEQ` matches process NFCORE_RNASEQ:RNASEQ:QUALIMAP_RNASEQ
Oct-30 09:12:21.686 [main] DEBUG nextflow.executor.ExecutorFactory - << taskConfig executor: slurm
Oct-30 09:12:21.686 [main] DEBUG nextflow.executor.ExecutorFactory - >> processorType: 'slurm'
Oct-30 09:12:21.696 [main] DEBUG nextflow.script.ProcessConfig - Config settings `withLabel:process_long` matches labels `process_long` for process with name NFCORE_RNASEQ:RNASEQ:DUPRADAR
Oct-30 09:12:21.697 [main] DEBUG nextflow.script.ProcessConfig - Config settings `withName:DUPRADAR` matches process NFCORE_RNASEQ:RNASEQ:DUPRADAR
Oct-30 09:12:21.699 [main] DEBUG nextflow.executor.ExecutorFactory - << taskConfig executor: slurm
Oct-30 09:12:21.700 [main] DEBUG nextflow.executor.ExecutorFactory - >> processorType: 'slurm'
Oct-30 09:12:21.720 [main] DEBUG nextflow.script.ProcessConfig - Config settings `withLabel:process_medium` matches labels `process_medium` for process with name NFCORE_RNASEQ:RNASEQ:BAM_RSEQC:RSEQC_BAMSTAT
Oct-30 09:12:21.723 [main] DEBUG nextflow.script.ProcessConfig - Config settings `withName:.*:BAM_RSEQC:RSEQC_BAMSTAT` matches process NFCORE_RNASEQ:RNASEQ:BAM_RSEQC:RSEQC_BAMSTAT
Oct-30 09:12:21.725 [main] DEBUG nextflow.executor.ExecutorFactory - << taskConfig executor: slurm
Oct-30 09:12:21.725 [main] DEBUG nextflow.executor.ExecutorFactory - >> processorType: 'slurm'
Oct-30 09:12:21.744 [main] DEBUG nextflow.script.ProcessConfig - Config settings `withLabel:process_medium` matches labels `process_medium` for process with name NFCORE_RNASEQ:RNASEQ:BAM_RSEQC:RSEQC_INNERDISTANCE
Oct-30 09:12:21.746 [main] DEBUG nextflow.script.ProcessConfig - Config settings `withName:.*:BAM_RSEQC:RSEQC_INNERDISTANCE` matches process NFCORE_RNASEQ:RNASEQ:BAM_RSEQC:RSEQC_INNERDISTANCE
Oct-30 09:12:21.749 [main] DEBUG nextflow.executor.ExecutorFactory - << taskConfig executor: slurm
Oct-30 09:12:21.749 [main] DEBUG nextflow.executor.ExecutorFactory - >> processorType: 'slurm'
Oct-30 09:12:21.773 [main] DEBUG nextflow.script.ProcessConfig - Config settings `withLabel:process_medium` matches labels `process_medium` for process with name NFCORE_RNASEQ:RNASEQ:BAM_RSEQC:RSEQC_INFEREXPERIMENT
Oct-30 09:12:21.775 [main] DEBUG nextflow.script.ProcessConfig - Config settings `withName:.*:BAM_RSEQC:RSEQC_INFEREXPERIMENT` matches process NFCORE_RNASEQ:RNASEQ:BAM_RSEQC:RSEQC_INFEREXPERIMENT
Oct-30 09:12:21.778 [main] DEBUG nextflow.executor.ExecutorFactory - << taskConfig executor: slurm
Oct-30 09:12:21.779 [main] DEBUG nextflow.executor.ExecutorFactory - >> processorType: 'slurm'
Oct-30 09:12:21.801 [main] DEBUG nextflow.script.ProcessConfig - Config settings `withLabel:process_medium` matches labels `process_medium` for process with name NFCORE_RNASEQ:RNASEQ:BAM_RSEQC:RSEQC_JUNCTIONANNOTATION
Oct-30 09:12:21.804 [main] DEBUG nextflow.script.ProcessConfig - Config settings `withName:.*:BAM_RSEQC:RSEQC_JUNCTIONANNOTATION` matches process NFCORE_RNASEQ:RNASEQ:BAM_RSEQC:RSEQC_JUNCTIONANNOTATION
Oct-30 09:12:21.807 [main] DEBUG nextflow.executor.ExecutorFactory - << taskConfig executor: slurm
Oct-30 09:12:21.807 [main] DEBUG nextflow.executor.ExecutorFactory - >> processorType: 'slurm'
Oct-30 09:12:21.827 [main] DEBUG nextflow.script.ProcessConfig - Config settings `withLabel:process_medium` matches labels `process_medium` for process with name NFCORE_RNASEQ:RNASEQ:BAM_RSEQC:RSEQC_JUNCTIONSATURATION
Oct-30 09:12:21.829 [main] DEBUG nextflow.script.ProcessConfig - Config settings `withName:.*:BAM_RSEQC:RSEQC_JUNCTIONSATURATION` matches process NFCORE_RNASEQ:RNASEQ:BAM_RSEQC:RSEQC_JUNCTIONSATURATION
Oct-30 09:12:21.831 [main] DEBUG nextflow.executor.ExecutorFactory - << taskConfig executor: slurm
Oct-30 09:12:21.831 [main] DEBUG nextflow.executor.ExecutorFactory - >> processorType: 'slurm'
Oct-30 09:12:21.847 [main] DEBUG nextflow.script.ProcessConfig - Config settings `withLabel:process_medium` matches labels `process_medium` for process with name NFCORE_RNASEQ:RNASEQ:BAM_RSEQC:RSEQC_READDISTRIBUTION
Oct-30 09:12:21.849 [main] DEBUG nextflow.script.ProcessConfig - Config settings `withName:.*:BAM_RSEQC:RSEQC_READDISTRIBUTION` matches process NFCORE_RNASEQ:RNASEQ:BAM_RSEQC:RSEQC_READDISTRIBUTION
Oct-30 09:12:21.851 [main] DEBUG nextflow.executor.ExecutorFactory - << taskConfig executor: slurm
Oct-30 09:12:21.851 [main] DEBUG nextflow.executor.ExecutorFactory - >> processorType: 'slurm'
Oct-30 09:12:21.871 [main] DEBUG nextflow.script.ProcessConfig - Config settings `withLabel:process_medium` matches labels `process_medium` for process with name NFCORE_RNASEQ:RNASEQ:BAM_RSEQC:RSEQC_READDUPLICATION
Oct-30 09:12:21.873 [main] DEBUG nextflow.script.ProcessConfig - Config settings `withName:.*:BAM_RSEQC:RSEQC_READDUPLICATION` matches process NFCORE_RNASEQ:RNASEQ:BAM_RSEQC:RSEQC_READDUPLICATION
Oct-30 09:12:21.876 [main] DEBUG nextflow.executor.ExecutorFactory - << taskConfig executor: slurm
Oct-30 09:12:21.876 [main] DEBUG nextflow.executor.ExecutorFactory - >> processorType: 'slurm'
Oct-30 09:12:21.932 [main] DEBUG nextflow.script.ProcessConfig - Config settings `withLabel:process_single` matches labels `process_single` for process with name NFCORE_RNASEQ:RNASEQ:CUSTOM_DUMPSOFTWAREVERSIONS
Oct-30 09:12:21.933 [main] DEBUG nextflow.script.ProcessConfig - Config settings `withName:CUSTOM_DUMPSOFTWAREVERSIONS` matches process NFCORE_RNASEQ:RNASEQ:CUSTOM_DUMPSOFTWAREVERSIONS
Oct-30 09:12:21.936 [main] DEBUG nextflow.executor.ExecutorFactory - << taskConfig executor: slurm
Oct-30 09:12:21.936 [main] DEBUG nextflow.executor.ExecutorFactory - >> processorType: 'slurm'
Oct-30 09:12:22.096 [main] DEBUG nextflow.script.ProcessConfig - Config settings `withLabel:process_medium` matches labels `process_medium` for process with name NFCORE_RNASEQ:RNASEQ:MULTIQC
Oct-30 09:12:22.098 [main] DEBUG nextflow.script.ProcessConfig - Config settings `withName:MULTIQC` matches process NFCORE_RNASEQ:RNASEQ:MULTIQC
Oct-30 09:12:22.101 [main] DEBUG nextflow.executor.ExecutorFactory - << taskConfig executor: slurm
Oct-30 09:12:22.101 [main] DEBUG nextflow.executor.ExecutorFactory - >> processorType: 'slurm'
Oct-30 09:12:22.130 [main] DEBUG nextflow.Session - Config process names validation disabled as requested
Oct-30 09:12:22.132 [main] DEBUG nextflow.Session - Igniting dataflow network (142)
Oct-30 09:12:22.139 [main] DEBUG nextflow.processor.TaskProcessor - Starting process > NFCORE_RNASEQ:RNASEQ:PREPARE_GENOME:GTF_FILTER
Oct-30 09:12:22.139 [main] DEBUG nextflow.processor.TaskProcessor - Starting process > NFCORE_RNASEQ:RNASEQ:PREPARE_GENOME:GTF2BED
Oct-30 09:12:22.139 [main] DEBUG nextflow.processor.TaskProcessor - Starting process > NFCORE_RNASEQ:RNASEQ:PREPARE_GENOME:MAKE_TRANSCRIPTS_FASTA
Oct-30 09:12:22.139 [main] DEBUG nextflow.processor.TaskProcessor - Starting process > NFCORE_RNASEQ:RNASEQ:PREPARE_GENOME:CUSTOM_GETCHROMSIZES
Oct-30 09:12:22.140 [main] DEBUG nextflow.processor.TaskProcessor - Starting process > NFCORE_RNASEQ:RNASEQ:CAT_FASTQ
Oct-30 09:12:22.140 [main] DEBUG nextflow.processor.TaskProcessor - Starting process > NFCORE_RNASEQ:RNASEQ:FASTQ_FASTQC_UMITOOLS_TRIMGALORE:FASTQC
Oct-30 09:12:22.140 [main] DEBUG nextflow.processor.TaskProcessor - Starting process > NFCORE_RNASEQ:RNASEQ:FASTQ_FASTQC_UMITOOLS_TRIMGALORE:TRIMGALORE
Oct-30 09:12:22.140 [main] DEBUG nextflow.processor.TaskProcessor - Starting process > NFCORE_RNASEQ:RNASEQ:FASTQ_SUBSAMPLE_FQ_SALMON:SALMON_INDEX
Oct-30 09:12:22.140 [main] DEBUG nextflow.processor.TaskProcessor - Starting process > NFCORE_RNASEQ:RNASEQ:FASTQ_SUBSAMPLE_FQ_SALMON:FQ_SUBSAMPLE
Oct-30 09:12:22.140 [main] DEBUG nextflow.processor.TaskProcessor - Starting process > NFCORE_RNASEQ:RNASEQ:FASTQ_SUBSAMPLE_FQ_SALMON:SALMON_QUANT
Oct-30 09:12:22.140 [main] DEBUG nextflow.processor.TaskProcessor - Starting process > NFCORE_RNASEQ:RNASEQ:ALIGN_STAR:STAR_ALIGN
Oct-30 09:12:22.140 [main] DEBUG nextflow.processor.TaskProcessor - Starting process > NFCORE_RNASEQ:RNASEQ:ALIGN_STAR:BAM_SORT_STATS_SAMTOOLS:SAMTOOLS_SORT
Oct-30 09:12:22.141 [main] DEBUG nextflow.processor.TaskProcessor - Starting process > NFCORE_RNASEQ:RNASEQ:ALIGN_STAR:BAM_SORT_STATS_SAMTOOLS:SAMTOOLS_INDEX
Oct-30 09:12:22.141 [main] DEBUG nextflow.processor.TaskProcessor - Starting process > NFCORE_RNASEQ:RNASEQ:ALIGN_STAR:BAM_SORT_STATS_SAMTOOLS:BAM_STATS_SAMTOOLS:SAMTOOLS_STATS
Oct-30 09:12:22.141 [main] DEBUG nextflow.processor.TaskProcessor - Starting process > NFCORE_RNASEQ:RNASEQ:ALIGN_STAR:BAM_SORT_STATS_SAMTOOLS:BAM_STATS_SAMTOOLS:SAMTOOLS_FLAGSTAT
Oct-30 09:12:22.141 [main] DEBUG nextflow.processor.TaskProcessor - Starting process > NFCORE_RNASEQ:RNASEQ:ALIGN_STAR:BAM_SORT_STATS_SAMTOOLS:BAM_STATS_SAMTOOLS:SAMTOOLS_IDXSTATS
Oct-30 09:12:22.141 [main] DEBUG nextflow.processor.TaskProcessor - Starting process > NFCORE_RNASEQ:RNASEQ:QUANTIFY_STAR_SALMON:SALMON_QUANT
Oct-30 09:12:22.141 [main] DEBUG nextflow.processor.TaskProcessor - Starting process > NFCORE_RNASEQ:RNASEQ:QUANTIFY_STAR_SALMON:TX2GENE
Oct-30 09:12:22.141 [main] DEBUG nextflow.processor.TaskProcessor - Starting process > NFCORE_RNASEQ:RNASEQ:QUANTIFY_STAR_SALMON:TXIMPORT
Oct-30 09:12:22.142 [main] DEBUG nextflow.processor.TaskProcessor - Starting process > NFCORE_RNASEQ:RNASEQ:QUANTIFY_STAR_SALMON:SE_GENE
Oct-30 09:12:22.142 [main] DEBUG nextflow.processor.TaskProcessor - Starting process > NFCORE_RNASEQ:RNASEQ:QUANTIFY_STAR_SALMON:SE_GENE_LENGTH_SCALED
Oct-30 09:12:22.142 [main] DEBUG nextflow.processor.TaskProcessor - Starting process > NFCORE_RNASEQ:RNASEQ:QUANTIFY_STAR_SALMON:SE_GENE_SCALED
Oct-30 09:12:22.142 [main] DEBUG nextflow.processor.TaskProcessor - Starting process > NFCORE_RNASEQ:RNASEQ:QUANTIFY_STAR_SALMON:SE_TRANSCRIPT
Oct-30 09:12:22.142 [main] DEBUG nextflow.processor.TaskProcessor - Starting process > NFCORE_RNASEQ:RNASEQ:DESEQ2_QC_STAR_SALMON
Oct-30 09:12:22.142 [main] DEBUG nextflow.processor.TaskProcessor - Starting process > NFCORE_RNASEQ:RNASEQ:BAM_MARKDUPLICATES_PICARD:PICARD_MARKDUPLICATES
Oct-30 09:12:22.142 [main] DEBUG nextflow.processor.TaskProcessor - Starting process > NFCORE_RNASEQ:RNASEQ:BAM_MARKDUPLICATES_PICARD:SAMTOOLS_INDEX
Oct-30 09:12:22.142 [main] DEBUG nextflow.processor.TaskProcessor - Starting process > NFCORE_RNASEQ:RNASEQ:BAM_MARKDUPLICATES_PICARD:BAM_STATS_SAMTOOLS:SAMTOOLS_STATS
Oct-30 09:12:22.142 [main] DEBUG nextflow.processor.TaskProcessor - Starting process > NFCORE_RNASEQ:RNASEQ:BAM_MARKDUPLICATES_PICARD:BAM_STATS_SAMTOOLS:SAMTOOLS_FLAGSTAT
Oct-30 09:12:22.142 [main] DEBUG nextflow.processor.TaskProcessor - Starting process > NFCORE_RNASEQ:RNASEQ:BAM_MARKDUPLICATES_PICARD:BAM_STATS_SAMTOOLS:SAMTOOLS_IDXSTATS
Oct-30 09:12:22.142 [main] DEBUG nextflow.processor.TaskProcessor - Starting process > NFCORE_RNASEQ:RNASEQ:STRINGTIE_STRINGTIE
Oct-30 09:12:22.142 [main] DEBUG nextflow.processor.TaskProcessor - Starting process > NFCORE_RNASEQ:RNASEQ:SUBREAD_FEATURECOUNTS
Oct-30 09:12:22.143 [main] DEBUG nextflow.processor.TaskProcessor - Starting process > NFCORE_RNASEQ:RNASEQ:MULTIQC_CUSTOM_BIOTYPE
Oct-30 09:12:22.143 [main] DEBUG nextflow.processor.TaskProcessor - Starting process > NFCORE_RNASEQ:RNASEQ:QUALIMAP_RNASEQ
Oct-30 09:12:22.143 [main] DEBUG nextflow.processor.TaskProcessor - Starting process > NFCORE_RNASEQ:RNASEQ:DUPRADAR
Oct-30 09:12:22.143 [main] DEBUG nextflow.processor.TaskProcessor - Starting process > NFCORE_RNASEQ:RNASEQ:BAM_RSEQC:RSEQC_BAMSTAT
Oct-30 09:12:22.143 [main] DEBUG nextflow.processor.TaskProcessor - Starting process > NFCORE_RNASEQ:RNASEQ:BAM_RSEQC:RSEQC_INNERDISTANCE
Oct-30 09:12:22.143 [main] DEBUG nextflow.processor.TaskProcessor - Starting process > NFCORE_RNASEQ:RNASEQ:BAM_RSEQC:RSEQC_INFEREXPERIMENT
Oct-30 09:12:22.143 [main] DEBUG nextflow.processor.TaskProcessor - Starting process > NFCORE_RNASEQ:RNASEQ:BAM_RSEQC:RSEQC_JUNCTIONANNOTATION
Oct-30 09:12:22.143 [main] DEBUG nextflow.processor.TaskProcessor - Starting process > NFCORE_RNASEQ:RNASEQ:BAM_RSEQC:RSEQC_JUNCTIONSATURATION
Oct-30 09:12:22.143 [main] DEBUG nextflow.processor.TaskProcessor - Starting process > NFCORE_RNASEQ:RNASEQ:BAM_RSEQC:RSEQC_READDISTRIBUTION
Oct-30 09:12:22.143 [main] DEBUG nextflow.processor.TaskProcessor - Starting process > NFCORE_RNASEQ:RNASEQ:BAM_RSEQC:RSEQC_READDUPLICATION
Oct-30 09:12:22.143 [main] DEBUG nextflow.processor.TaskProcessor - Starting process > NFCORE_RNASEQ:RNASEQ:CUSTOM_DUMPSOFTWAREVERSIONS
Oct-30 09:12:22.143 [main] DEBUG nextflow.processor.TaskProcessor - Starting process > NFCORE_RNASEQ:RNASEQ:MULTIQC
Oct-30 09:12:22.146 [main] DEBUG nextflow.script.ScriptRunner - Parsed script files:
  Script_34ba2812f30702a7: /home/rungger/.nextflow/assets/nf-core/rnaseq/./workflows/../modules/local/umitools_prepareforrsem/main.nf
  Script_6b19e24a26493d52: /home/rungger/.nextflow/assets/nf-core/rnaseq/./workflows/../modules/nf-core/sortmerna/main.nf
  Script_e2630658c898fe40: /home/rungger/.nextflow/assets/nf-core/rnaseq/./workflows/../modules/local/deseq2_qc/main.nf
  Script_673026636b2831f5: /home/rungger/.nextflow/assets/nf-core/rnaseq/./workflows/../subworkflows/nf-core/bam_dedup_stats_samtools_umitools/../../../modules/nf-core/umitools/dedup/main.nf
  Script_d796aa85128d1482: /home/rungger/.nextflow/assets/nf-core/rnaseq/./workflows/../subworkflows/nf-core/fastq_fastqc_umitools_trimgalore/../../../modules/nf-core/trimgalore/main.nf
  Script_a6d1af179eafaaba: /home/rungger/.nextflow/assets/nf-core/rnaseq/./workflows/../subworkflows/local/prepare_genome/../../../modules/nf-core/bbmap/bbsplit/main.nf
  Script_cdbce3e23a8f89e8: /home/rungger/.nextflow/assets/nf-core/rnaseq/./workflows/../subworkflows/nf-core/bam_dedup_stats_samtools_umitools/../bam_stats_samtools/main.nf
  Script_61c3ce7fada41b46: /home/rungger/.nextflow/assets/nf-core/rnaseq/./workflows/../modules/local/multiqc_custom_biotype/main.nf
  Script_547b2784134e812e: /home/rungger/.nextflow/assets/nf-core/rnaseq/./workflows/../subworkflows/nf-core/bam_rseqc/../../../modules/nf-core/rseqc/bamstat/main.nf
  Script_01be85e6c9570169: /home/rungger/.nextflow/assets/nf-core/rnaseq/./workflows/../modules/local/multiqc/main.nf
  Script_58e794dbd977701f: /home/rungger/.nextflow/assets/nf-core/rnaseq/./workflows/../subworkflows/local/align_star/../../nf-core/bam_sort_stats_samtools/../../../modules/nf-core/samtools/index/main.nf
  Script_d1a9b70e0dfbb833: /home/rungger/.nextflow/assets/nf-core/rnaseq/./workflows/../subworkflows/nf-core/bam_rseqc/main.nf
  Script_a4ac0ea044c720d7: /home/rungger/.nextflow/assets/nf-core/rnaseq/./workflows/../subworkflows/local/quantify_rsem/main.nf
  Script_f41a20a3a562e689: /home/rungger/.nextflow/assets/nf-core/rnaseq/./workflows/../modules/local/bedtools_genomecov/main.nf
  Script_48287a9e4162d8a9: /home/rungger/.nextflow/assets/nf-core/rnaseq/./workflows/../subworkflows/nf-core/bam_rseqc/../../../modules/nf-core/rseqc/junctionsaturation/main.nf
  Script_893ba4a8cb5dd8d4: /home/rungger/.nextflow/assets/nf-core/rnaseq/./workflows/../subworkflows/local/prepare_genome/../../../modules/nf-core/untar/main.nf
  Script_9768c067a05f91e9: /home/rungger/.nextflow/assets/nf-core/rnaseq/./workflows/../subworkflows/local/quantify_pseudo/../../../modules/local/tximport/main.nf
  Script_28988da553552ea1: /home/rungger/.nextflow/assets/nf-core/rnaseq/./workflows/../subworkflows/local/prepare_genome/../../../modules/local/gtf2bed/main.nf
  Script_4a8d3b4ff2edeb32: /home/rungger/.nextflow/assets/nf-core/rnaseq/./workflows/../subworkflows/nf-core/bam_rseqc/../../../modules/nf-core/rseqc/readduplication/main.nf
  Script_502b6aa3ba845e26: /home/rungger/.nextflow/assets/nf-core/rnaseq/./workflows/../modules/nf-core/custom/dumpsoftwareversions/main.nf
  Script_50ac8c61b2d88259: /home/rungger/.nextflow/assets/nf-core/rnaseq/./workflows/../subworkflows/local/align_star/../../../modules/local/star_align_igenomes/main.nf
  Script_2fa4b6601d9aa276: /home/rungger/.nextflow/assets/nf-core/rnaseq/./workflows/../subworkflows/nf-core/fastq_align_hisat2/../bam_sort_stats_samtools/../bam_stats_samtools/../../../modules/nf-core/samtools/flagstat/main.nf
  Script_4f6739ae1680d27b: /home/rungger/.nextflow/assets/nf-core/rnaseq/./workflows/../subworkflows/local/quantify_rsem/../../nf-core/bam_sort_stats_samtools/main.nf
  Script_ad119ddb6089cee6: /home/rungger/.nextflow/assets/nf-core/rnaseq/./workflows/../subworkflows/local/prepare_genome/../../../modules/local/star_genomegenerate_igenomes/main.nf
  Script_7bbd1ec48b03ff67: /home/rungger/.nextflow/assets/nf-core/rnaseq/./workflows/../subworkflows/nf-core/bedgraph_bedclip_bedgraphtobigwig/main.nf
  Script_e2e56b17c72cf182: /home/rungger/.nextflow/assets/nf-core/rnaseq/./workflows/../subworkflows/local/prepare_genome/../../../modules/nf-core/kallisto/index/main.nf
  Script_023d2c935be30472: /home/rungger/.nextflow/assets/nf-core/rnaseq/main.nf
  Script_d8f4ff0ac99235df: /home/rungger/.nextflow/assets/nf-core/rnaseq/./workflows/../subworkflows/local/quantify_pseudo/../../../modules/nf-core/kallisto/quant/main.nf
  Script_6bf902dd399b1bf6: /home/rungger/.nextflow/assets/nf-core/rnaseq/./workflows/../subworkflows/nf-core/fastq_fastqc_umitools_trimgalore/../../../modules/nf-core/fastqc/main.nf
  Script_dbfcd99b4643d9a2: /home/rungger/.nextflow/assets/nf-core/rnaseq/./workflows/../subworkflows/nf-core/bam_markduplicates_picard/main.nf
  Script_b8de0c3b09f058c1: /home/rungger/.nextflow/assets/nf-core/rnaseq/./workflows/../subworkflows/local/prepare_genome/main.nf
  Script_36d4290842df373a: /home/rungger/.nextflow/assets/nf-core/rnaseq/./workflows/../modules/nf-core/samtools/sort/main.nf
  Script_cd6f3947962f62c4: /home/rungger/.nextflow/assets/nf-core/rnaseq/./workflows/../subworkflows/local/prepare_genome/../../../modules/nf-core/gunzip/main.nf
  Script_0bcd59939d66b312: /home/rungger/.nextflow/assets/nf-core/rnaseq/./workflows/../subworkflows/local/prepare_genome/../../../modules/nf-core/star/genomegenerate/main.nf
  Script_77e22a61eb1f2dd3: /home/rungger/.nextflow/assets/nf-core/rnaseq/./workflows/../subworkflows/nf-core/fastq_fastqc_umitools_fastp/../../../modules/nf-core/fastp/main.nf
  Script_86dc49bc95f589f5: /home/rungger/.nextflow/assets/nf-core/rnaseq/./workflows/../subworkflows/local/align_star/../../../modules/nf-core/star/align/main.nf
  Script_8c2fb876e2407727: /home/rungger/.nextflow/assets/nf-core/rnaseq/./workflows/../subworkflows/nf-core/fastq_subsample_fq_salmon/../../../modules/nf-core/salmon/index/main.nf
  Script_0ece4f9f87f44994: /home/rungger/.nextflow/assets/nf-core/rnaseq/./workflows/../subworkflows/nf-core/fastq_align_hisat2/../../../modules/nf-core/hisat2/align/main.nf
  Script_5035106a6d4a4c78: /home/rungger/.nextflow/assets/nf-core/rnaseq/./workflows/../subworkflows/local/quantify_rsem/../../../modules/nf-core/rsem/calculateexpression/main.nf
  Script_ef7f9d1ec8699697: /home/rungger/.nextflow/assets/nf-core/rnaseq/./workflows/../subworkflows/nf-core/fastq_fastqc_umitools_fastp/../../../modules/nf-core/umitools/extract/main.nf
  Script_d5246004cd2515da: /home/rungger/.nextflow/assets/nf-core/rnaseq/./workflows/../subworkflows/nf-core/bam_rseqc/../../../modules/nf-core/rseqc/readdistribution/main.nf
  Script_f6daae3b2f230e87: /home/rungger/.nextflow/assets/nf-core/rnaseq/./workflows/../subworkflows/local/quantify_pseudo/../../../modules/local/summarizedexperiment/main.nf
  Script_d528242dc97acc08: /home/rungger/.nextflow/assets/nf-core/rnaseq/./workflows/../subworkflows/local/prepare_genome/../../../modules/local/cat_additional_fasta/main.nf
  Script_59bebcfe6e6c5be7: /home/rungger/.nextflow/assets/nf-core/rnaseq/./workflows/../subworkflows/nf-core/bedgraph_bedclip_bedgraphtobigwig/../../../modules/nf-core/ucsc/bedgraphtobigwig/main.nf
  Script_03e47f2ea1ad4bda: /home/rungger/.nextflow/assets/nf-core/rnaseq/./workflows/../subworkflows/local/align_star/../../nf-core/bam_sort_stats_samtools/../bam_stats_samtools/../../../modules/nf-core/samtools/stats/main.nf
  Script_15aad8e3750532d8: /home/rungger/.nextflow/assets/nf-core/rnaseq/./workflows/../subworkflows/nf-core/bam_rseqc/../../../modules/nf-core/rseqc/inferexperiment/main.nf
  Script_32be0b964abad83e: /home/rungger/.nextflow/assets/nf-core/rnaseq/./workflows/../modules/nf-core/preseq/lcextrap/main.nf
  Script_962c2ce5d43568d5: /home/rungger/.nextflow/assets/nf-core/rnaseq/./workflows/../modules/nf-core/stringtie/stringtie/main.nf
  Script_9e89f1fdf9ced4f0: /home/rungger/.nextflow/assets/nf-core/rnaseq/./workflows/../subworkflows/nf-core/bam_dedup_stats_samtools_umitools/../bam_stats_samtools/../../../modules/nf-core/samtools/idxstats/main.nf
  Script_7329460fefebed16: /home/rungger/.nextflow/assets/nf-core/rnaseq/./workflows/../subworkflows/local/align_star/main.nf
  Script_ce727ac81418a182: /home/rungger/.nextflow/assets/nf-core/rnaseq/./workflows/../subworkflows/nf-core/bam_rseqc/../../../modules/nf-core/rseqc/innerdistance/main.nf
  Script_424e39626e3efddc: /home/rungger/.nextflow/assets/nf-core/rnaseq/./workflows/../subworkflows/local/prepare_genome/../../../modules/nf-core/hisat2/build/main.nf
  Script_560e11be19b372ad: /home/rungger/.nextflow/assets/nf-core/rnaseq/./workflows/../subworkflows/local/quantify_rsem/../../../modules/local/rsem_merge_counts/main.nf
  Script_766f7e39f48e49dd: /home/rungger/.nextflow/assets/nf-core/rnaseq/./workflows/../subworkflows/nf-core/bam_rseqc/../../../modules/nf-core/rseqc/junctionannotation/main.nf
  Script_a8680b05987b83ce: /home/rungger/.nextflow/assets/nf-core/rnaseq/./workflows/../subworkflows/nf-core/fastq_subsample_fq_salmon/../../../modules/nf-core/fq/subsample/main.nf
  Script_a25682ea8940372b: /home/rungger/.nextflow/assets/nf-core/rnaseq/./workflows/../subworkflows/nf-core/bam_dedup_stats_samtools_umitools/main.nf
  Script_a6969db08b6a2fa3: /home/rungger/.nextflow/assets/nf-core/rnaseq/./workflows/../subworkflows/local/prepare_genome/../../../modules/nf-core/rsem/preparereference/main.nf
  Script_4f4d47ffc2aec98f: /home/rungger/.nextflow/assets/nf-core/rnaseq/./workflows/../subworkflows/nf-core/bam_rseqc/../../../modules/nf-core/rseqc/tin/main.nf
  Script_91b94b1b2c123e51: /home/rungger/.nextflow/assets/nf-core/rnaseq/./workflows/../subworkflows/local/quantify_pseudo/main.nf
  Script_52a402eec631a008: /home/rungger/.nextflow/assets/nf-core/rnaseq/./workflows/../modules/nf-core/subread/featurecounts/main.nf
  Script_e1744fc9afdc235e: /home/rungger/.nextflow/assets/nf-core/rnaseq/./workflows/../subworkflows/local/prepare_genome/../../../modules/local/gtf_filter/main.nf
  Script_40c85c154a33da2e: /home/rungger/.nextflow/assets/nf-core/rnaseq/./workflows/../modules/nf-core/qualimap/rnaseq/main.nf
  Script_3d373e9ea7e32c45: /home/rungger/.nextflow/assets/nf-core/rnaseq/./workflows/../subworkflows/nf-core/fastq_subsample_fq_salmon/main.nf
  Script_04d488c7ab8c434e: /home/rungger/.nextflow/assets/nf-core/rnaseq/./workflows/../subworkflows/local/prepare_genome/../../../modules/local/preprocess_transcripts_fasta_gencode/main.nf
  Script_69dcaec0b873a44f: /home/rungger/.nextflow/assets/nf-core/rnaseq/./workflows/../modules/local/dupradar/main.nf
  Script_aaa732d0dff599b5: /home/rungger/.nextflow/assets/nf-core/rnaseq/./workflows/../subworkflows/nf-core/bedgraph_bedclip_bedgraphtobigwig/../../../modules/nf-core/ucsc/bedclip/main.nf
  Script_01525ffa4dcd5952: /home/rungger/.nextflow/assets/nf-core/rnaseq/./workflows/../subworkflows/nf-core/bam_markduplicates_picard/../../../modules/nf-core/picard/markduplicates/main.nf
  Script_ee92193e093c17f9: /home/rungger/.nextflow/assets/nf-core/rnaseq/./workflows/../modules/nf-core/cat/fastq/main.nf
  Script_f31f876704902403: /home/rungger/.nextflow/assets/nf-core/rnaseq/./workflows/../subworkflows/local/quantify_pseudo/../../../modules/local/tx2gene/main.nf
  Script_5f794e9468aa1f6f: /home/rungger/.nextflow/assets/nf-core/rnaseq/./workflows/../subworkflows/nf-core/fastq_fastqc_umitools_trimgalore/main.nf
  Script_c500707623393013: /home/rungger/.nextflow/assets/nf-core/rnaseq/./workflows/../subworkflows/local/prepare_genome/../../../modules/nf-core/hisat2/extractsplicesites/main.nf
  Script_36edeae94666a272: /home/rungger/.nextflow/assets/nf-core/rnaseq/./workflows/../subworkflows/local/prepare_genome/../../../modules/nf-core/custom/getchromsizes/main.nf
  Script_1d5ac5ca703fb43c: /home/rungger/.nextflow/assets/nf-core/rnaseq/./workflows/../subworkflows/local/prepare_genome/../../../modules/nf-core/gffread/main.nf
  Script_4252288c0b8e38d5: /home/rungger/.nextflow/assets/nf-core/rnaseq/./workflows/../subworkflows/nf-core/fastq_fastqc_umitools_fastp/main.nf
  Script_a1f1676a62a35970: /home/rungger/.nextflow/assets/nf-core/rnaseq/./workflows/rnaseq.nf
  Script_fb75b7b95d3b5ff0: /home/rungger/.nextflow/assets/nf-core/rnaseq/./workflows/../subworkflows/nf-core/fastq_align_hisat2/main.nf
  Script_262fb08c188e9bfd: /home/rungger/.nextflow/assets/nf-core/rnaseq/./workflows/../subworkflows/local/quantify_pseudo/../../../modules/nf-core/salmon/quant/main.nf
Oct-30 09:12:22.146 [main] DEBUG nextflow.script.ScriptRunner - > Awaiting termination 
Oct-30 09:12:22.146 [main] DEBUG nextflow.Session - Session await
Oct-30 09:12:22.222 [Actor Thread 130] DEBUG nextflow.container.SingularityCache - Singularity found local store for image=https://depot.galaxyproject.org/singularity/samtools:1.16.1--h6899075_1; path=/data/scratch/singularity_cache/depot.galaxyproject.org-singularity-samtools-1.16.1--h6899075_1.img
Oct-30 09:12:22.222 [Actor Thread 131] DEBUG nextflow.container.SingularityCache - Singularity found local store for image=https://depot.galaxyproject.org/singularity/trim-galore:0.6.7--hdfd78af_0; path=/data/scratch/singularity_cache/depot.galaxyproject.org-singularity-trim-galore-0.6.7--hdfd78af_0.img
Oct-30 09:12:22.222 [Actor Thread 140] DEBUG nextflow.container.SingularityCache - Singularity found local store for image=https://depot.galaxyproject.org/singularity/python:3.9--1; path=/data/scratch/singularity_cache/depot.galaxyproject.org-singularity-python-3.9--1.img
Oct-30 09:12:22.222 [Actor Thread 129] DEBUG nextflow.container.SingularityCache - Singularity found local store for image=https://depot.galaxyproject.org/singularity/fastqc:0.12.1--hdfd78af_0; path=/data/scratch/singularity_cache/depot.galaxyproject.org-singularity-fastqc-0.12.1--hdfd78af_0.img
Oct-30 09:12:22.239 [Actor Thread 130] DEBUG nextflow.conda.CondaCache - conda found local env for environment=conda-forge::python=3.9.5; path=/home/rungger/.conda/envs/Intratumoral/env-a050ae49755c7d5e154ba21c01d4f5f0
Oct-30 09:12:22.239 [Actor Thread 140] DEBUG nextflow.conda.CondaCache - conda found local env for environment=bioconda::fastqc=0.12.1; path=/home/rungger/.conda/envs/Intratumoral/env-49dea791c31ead673ed2e341e1c6d206
Oct-30 09:12:22.239 [Actor Thread 129] DEBUG nextflow.conda.CondaCache - conda found local env for environment=bioconda::trim-galore=0.6.7; path=/home/rungger/.conda/envs/Intratumoral/env-280b48b715fe2a4ff84587983176f97b
Oct-30 09:12:22.239 [Actor Thread 131] DEBUG nextflow.conda.CondaCache - conda found local env for environment=bioconda::samtools=1.16.1; path=/home/rungger/.conda/envs/Intratumoral/env-248d30c220c836f11b9e719864c010e3
Oct-30 09:12:22.239 [Actor Thread 143] DEBUG nextflow.sort.BigSort - Sort completed -- entries: 1; slices: 1; internal sort time: 0.002 s; external sort time: 0.014 s; total time: 0.016 s
Oct-30 09:12:22.239 [Actor Thread 139] DEBUG nextflow.sort.BigSort - Sort completed -- entries: 1; slices: 1; internal sort time: 0.002 s; external sort time: 0.014 s; total time: 0.016 s
Oct-30 09:12:22.240 [Actor Thread 143] DEBUG nextflow.file.FileCollector - >> temp file exists? false
Oct-30 09:12:22.240 [Actor Thread 139] DEBUG nextflow.file.FileCollector - >> temp file exists? false
Oct-30 09:12:22.241 [Actor Thread 143] DEBUG nextflow.file.FileCollector - Missed collect-file cache -- cause: java.nio.file.NoSuchFileException: /home/rungger/Scripts/Intratumoral_Microorganisms/Pipe_Nextflow/work/collect-file/ed7fb2c00ecffa4848fce0a6c1a84283
Oct-30 09:12:22.241 [Actor Thread 139] DEBUG nextflow.file.FileCollector - Missed collect-file cache -- cause: java.nio.file.NoSuchFileException: /home/rungger/Scripts/Intratumoral_Microorganisms/Pipe_Nextflow/work/collect-file/f2337acf57c9daa757ebcad829d7bfc2
Oct-30 09:12:22.244 [Actor Thread 138] DEBUG nextflow.util.HashBuilder - Hash asset file sha-256: /home/rungger/.nextflow/assets/nf-core/rnaseq/bin/filter_gtf.py
Oct-30 09:12:22.246 [Actor Thread 143] DEBUG nextflow.file.FileCollector - Saved collect-files list to: /home/rungger/Scripts/Intratumoral_Microorganisms/Pipe_Nextflow/work/collect-file/ed7fb2c00ecffa4848fce0a6c1a84283
Oct-30 09:12:22.246 [Actor Thread 139] DEBUG nextflow.file.FileCollector - Saved collect-files list to: /home/rungger/Scripts/Intratumoral_Microorganisms/Pipe_Nextflow/work/collect-file/f2337acf57c9daa757ebcad829d7bfc2
Oct-30 09:12:22.253 [Actor Thread 139] DEBUG nextflow.file.FileCollector - Deleting file collector temp dir: /tmp/nxf-3474421548154239142
Oct-30 09:12:22.253 [Actor Thread 143] DEBUG nextflow.file.FileCollector - Deleting file collector temp dir: /tmp/nxf-12561955608430796962
Oct-30 09:12:22.290 [Actor Thread 144] INFO  nextflow.processor.TaskProcessor - [5b/645055] Cached process > NFCORE_RNASEQ:RNASEQ:PREPARE_GENOME:CUSTOM_GETCHROMSIZES (GRCh38.primary_assembly.genome.fa)
Oct-30 09:12:22.290 [Actor Thread 138] INFO  nextflow.processor.TaskProcessor - [b3/5a7690] Cached process > NFCORE_RNASEQ:RNASEQ:PREPARE_GENOME:GTF_FILTER (GRCh38.primary_assembly.genome.fa)
Oct-30 09:12:22.290 [Actor Thread 132] INFO  nextflow.processor.TaskProcessor - [5a/dfdec1] Cached process > NFCORE_RNASEQ:RNASEQ:FASTQ_FASTQC_UMITOOLS_TRIMGALORE:FASTQC (T1)
Oct-30 09:12:22.290 [Actor Thread 134] INFO  nextflow.processor.TaskProcessor - [12/228d41] Cached process > NFCORE_RNASEQ:RNASEQ:FASTQ_FASTQC_UMITOOLS_TRIMGALORE:FASTQC (T2)
Oct-30 09:12:22.291 [Actor Thread 135] INFO  nextflow.processor.TaskProcessor - [b4/be6800] Cached process > NFCORE_RNASEQ:RNASEQ:FASTQ_FASTQC_UMITOOLS_TRIMGALORE:TRIMGALORE (T2)
Oct-30 09:12:22.291 [Actor Thread 142] INFO  nextflow.processor.TaskProcessor - [26/a5ce2a] Cached process > NFCORE_RNASEQ:RNASEQ:FASTQ_FASTQC_UMITOOLS_TRIMGALORE:TRIMGALORE (T1)
Oct-30 09:12:22.320 [Actor Thread 125] DEBUG nextflow.container.SingularityCache - Singularity found local store for image=https://depot.galaxyproject.org/singularity/perl:5.26.2; path=/data/scratch/singularity_cache/depot.galaxyproject.org-singularity-perl-5.26.2.img
Oct-30 09:12:22.321 [Actor Thread 125] DEBUG nextflow.container.SingularityCache - Singularity found local store for image=https://depot.galaxyproject.org/singularity/mulled-v2-cf0123ef83b3c38c13e3b0696a3f285d3f20f15b:64aad4a4e144878400649e71f42105311be7ed87-0; path=/data/scratch/singularity_cache/depot.galaxyproject.org-singularity-mulled-v2-cf0123ef83b3c38c13e3b0696a3f285d3f20f15b-64aad4a4e144878400649e71f42105311be7ed87-0.img
Oct-30 09:12:22.324 [Actor Thread 125] DEBUG nextflow.conda.CondaCache - conda found local env for environment=conda-forge::perl=5.26.2; path=/home/rungger/.conda/envs/Intratumoral/env-dea975bc60e7d15228328deea337b765
Oct-30 09:12:22.324 [Actor Thread 125] DEBUG nextflow.conda.CondaCache - conda found local env for environment=bioconda::rsem=1.3.3 bioconda::star=2.7.10a; path=/home/rungger/.conda/envs/Intratumoral/env-1ebecfb53a17dbda2156b0b602d6d7a8
Oct-30 09:12:22.325 [Actor Thread 124] DEBUG nextflow.util.HashBuilder - Hash asset file sha-256: /home/rungger/.nextflow/assets/nf-core/rnaseq/bin/gtf2bed
Oct-30 09:12:22.335 [Actor Thread 124] INFO  nextflow.processor.TaskProcessor - [99/1fc5ff] Cached process > NFCORE_RNASEQ:RNASEQ:PREPARE_GENOME:GTF2BED (GRCh38.primary_assembly.genome.filtered.gtf)
Oct-30 09:12:22.335 [Actor Thread 123] INFO  nextflow.processor.TaskProcessor - [43/bc2023] Cached process > NFCORE_RNASEQ:RNASEQ:PREPARE_GENOME:MAKE_TRANSCRIPTS_FASTA (rsem/GRCh38.primary_assembly.genome.fa)
Oct-30 09:12:22.336 [Actor Thread 134] DEBUG nextflow.util.ThreadPoolBuilder - Creating thread pool 'PublishDir' minSize=10; maxSize=432; workQueue=LinkedBlockingQueue[10000]; allowCoreThreadTimeout=false
Oct-30 09:12:22.407 [Actor Thread 142] DEBUG nextflow.processor.TaskProcessor - Process NFCORE_RNASEQ:RNASEQ:FASTQ_FASTQC_UMITOOLS_TRIMGALORE:TRIMGALORE > Skipping output binding because one or more optional files are missing: fileoutparam<2:1>
Oct-30 09:12:22.407 [Actor Thread 144] DEBUG nextflow.processor.TaskProcessor - Process NFCORE_RNASEQ:RNASEQ:PREPARE_GENOME:CUSTOM_GETCHROMSIZES > Skipping output binding because one or more optional files are missing: fileoutparam<2:1>
Oct-30 09:12:22.410 [Actor Thread 135] DEBUG nextflow.processor.TaskProcessor - Process NFCORE_RNASEQ:RNASEQ:FASTQ_FASTQC_UMITOOLS_TRIMGALORE:TRIMGALORE > Skipping output binding because one or more optional files are missing: fileoutparam<2:1>
Oct-30 09:12:22.423 [Actor Thread 141] DEBUG nextflow.file.SortFileCollector - FileCollector temp dir not removed: null
Oct-30 09:12:22.428 [Actor Thread 137] DEBUG nextflow.Nextflow - FQ/SUBSAMPLE found 2 FASTQ files
Oct-30 09:12:22.428 [Actor Thread 133] DEBUG nextflow.Nextflow - FQ/SUBSAMPLE found 2 FASTQ files
Oct-30 09:12:22.431 [Actor Thread 141] DEBUG nextflow.container.SingularityCache - Singularity found local store for image=https://depot.galaxyproject.org/singularity/fq:0.9.1--h9ee0642_0; path=/data/scratch/singularity_cache/depot.galaxyproject.org-singularity-fq-0.9.1--h9ee0642_0.img
Oct-30 09:12:22.431 [Actor Thread 135] DEBUG nextflow.container.SingularityCache - Singularity found local store for image=https://depot.galaxyproject.org/singularity/salmon:1.10.1--h7e5ed60_0; path=/data/scratch/singularity_cache/depot.galaxyproject.org-singularity-salmon-1.10.1--h7e5ed60_0.img
Oct-30 09:12:22.433 [Actor Thread 135] DEBUG nextflow.conda.CondaCache - conda found local env for environment=bioconda::fq=0.9.1; path=/home/rungger/.conda/envs/Intratumoral/env-af31d14a70ba35b8e1664c6e78dc578a
Oct-30 09:12:22.434 [Actor Thread 135] DEBUG nextflow.conda.CondaCache - conda found local env for environment=bioconda::salmon=1.10.1; path=/home/rungger/.conda/envs/Intratumoral/env-b1ed1237d5bc91c71de950225cd4d65c
Oct-30 09:12:22.438 [Actor Thread 144] INFO  nextflow.processor.TaskProcessor - [9a/f897e8] Cached process > NFCORE_RNASEQ:RNASEQ:FASTQ_SUBSAMPLE_FQ_SALMON:SALMON_INDEX (genome.transcripts.fa)
Oct-30 09:12:22.445 [Actor Thread 137] INFO  nextflow.processor.TaskProcessor - [f0/b95dc8] Cached process > NFCORE_RNASEQ:RNASEQ:FASTQ_SUBSAMPLE_FQ_SALMON:FQ_SUBSAMPLE (T1)
Oct-30 09:12:22.447 [Actor Thread 133] INFO  nextflow.processor.TaskProcessor - [e3/405433] Cached process > NFCORE_RNASEQ:RNASEQ:FASTQ_SUBSAMPLE_FQ_SALMON:FQ_SUBSAMPLE (T2)
Oct-30 09:12:22.469 [Actor Thread 134] INFO  nextflow.processor.TaskProcessor - [be/df243e] Cached process > NFCORE_RNASEQ:RNASEQ:FASTQ_SUBSAMPLE_FQ_SALMON:SALMON_QUANT (T1)
Oct-30 09:12:22.471 [Actor Thread 130] INFO  nextflow.processor.TaskProcessor - [a7/3167bd] Cached process > NFCORE_RNASEQ:RNASEQ:FASTQ_SUBSAMPLE_FQ_SALMON:SALMON_QUANT (T2)
Oct-30 09:12:22.490 [Actor Thread 130] DEBUG nextflow.container.SingularityCache - Singularity found local store for image=https://depot.galaxyproject.org/singularity/mulled-v2-1fa26d1ce03c295fe2fdcf85831a92fbcbd7e8c2:1df389393721fc66f3fd8778ad938ac711951107-0; path=/data/scratch/singularity_cache/depot.galaxyproject.org-singularity-mulled-v2-1fa26d1ce03c295fe2fdcf85831a92fbcbd7e8c2-1df389393721fc66f3fd8778ad938ac711951107-0.img
Oct-30 09:12:22.493 [Actor Thread 130] DEBUG nextflow.conda.CondaCache - conda found local env for environment=bioconda::star=2.7.10a bioconda::samtools=1.16.1 conda-forge::gawk=5.1.0; path=/home/rungger/.conda/envs/Intratumoral/env-3b5d56f28b7df4af6d1c33dc602a1280
Oct-30 09:12:22.581 [Task submitter] DEBUG nextflow.executor.GridTaskHandler - [SLURM] submitted process NFCORE_RNASEQ:RNASEQ:ALIGN_STAR:STAR_ALIGN (T2) > jobId: 357650; workDir: /home/rungger/Scripts/Intratumoral_Microorganisms/Pipe_Nextflow/work/d5/507a3c5b4a5939e37416c9459900d8
Oct-30 09:12:22.582 [Task submitter] INFO  nextflow.Session - [d5/507a3c] Submitted process > NFCORE_RNASEQ:RNASEQ:ALIGN_STAR:STAR_ALIGN (T2)
Oct-30 09:12:22.603 [Task submitter] DEBUG nextflow.executor.GridTaskHandler - [SLURM] submitted process NFCORE_RNASEQ:RNASEQ:ALIGN_STAR:STAR_ALIGN (T1) > jobId: 357651; workDir: /home/rungger/Scripts/Intratumoral_Microorganisms/Pipe_Nextflow/work/a2/e812381fcdb5a330aa100e5c13c95e
Oct-30 09:12:22.603 [Task submitter] INFO  nextflow.Session - [a2/e81238] Submitted process > NFCORE_RNASEQ:RNASEQ:ALIGN_STAR:STAR_ALIGN (T1)
Oct-30 09:17:25.946 [Task monitor] DEBUG n.processor.TaskPollingMonitor - !! executor slurm > tasks to be completed: 2 -- submitted tasks are shown below
~> TaskHandler[jobId: 357650; id: 15; name: NFCORE_RNASEQ:RNASEQ:ALIGN_STAR:STAR_ALIGN (T2); status: RUNNING; exit: -; error: -; workDir: /home/rungger/Scripts/Intratumoral_Microorganisms/Pipe_Nextflow/work/d5/507a3c5b4a5939e37416c9459900d8 started: 1730275945924; exited: -; ]
~> TaskHandler[jobId: 357651; id: 14; name: NFCORE_RNASEQ:RNASEQ:ALIGN_STAR:STAR_ALIGN (T1); status: RUNNING; exit: -; error: -; workDir: /home/rungger/Scripts/Intratumoral_Microorganisms/Pipe_Nextflow/work/a2/e812381fcdb5a330aa100e5c13c95e started: 1730275945940; exited: -; ]
Oct-30 09:22:25.967 [Task monitor] DEBUG n.processor.TaskPollingMonitor - !! executor slurm > tasks to be completed: 2 -- submitted tasks are shown below
~> TaskHandler[jobId: 357650; id: 15; name: NFCORE_RNASEQ:RNASEQ:ALIGN_STAR:STAR_ALIGN (T2); status: RUNNING; exit: -; error: -; workDir: /home/rungger/Scripts/Intratumoral_Microorganisms/Pipe_Nextflow/work/d5/507a3c5b4a5939e37416c9459900d8 started: 1730275945924; exited: -; ]
~> TaskHandler[jobId: 357651; id: 14; name: NFCORE_RNASEQ:RNASEQ:ALIGN_STAR:STAR_ALIGN (T1); status: RUNNING; exit: -; error: -; workDir: /home/rungger/Scripts/Intratumoral_Microorganisms/Pipe_Nextflow/work/a2/e812381fcdb5a330aa100e5c13c95e started: 1730275945940; exited: -; ]
Oct-30 09:27:25.985 [Task monitor] DEBUG n.processor.TaskPollingMonitor - !! executor slurm > tasks to be completed: 2 -- submitted tasks are shown below
~> TaskHandler[jobId: 357650; id: 15; name: NFCORE_RNASEQ:RNASEQ:ALIGN_STAR:STAR_ALIGN (T2); status: RUNNING; exit: -; error: -; workDir: /home/rungger/Scripts/Intratumoral_Microorganisms/Pipe_Nextflow/work/d5/507a3c5b4a5939e37416c9459900d8 started: 1730275945924; exited: -; ]
~> TaskHandler[jobId: 357651; id: 14; name: NFCORE_RNASEQ:RNASEQ:ALIGN_STAR:STAR_ALIGN (T1); status: RUNNING; exit: -; error: -; workDir: /home/rungger/Scripts/Intratumoral_Microorganisms/Pipe_Nextflow/work/a2/e812381fcdb5a330aa100e5c13c95e started: 1730275945940; exited: -; ]
Oct-30 09:32:26.009 [Task monitor] DEBUG n.processor.TaskPollingMonitor - !! executor slurm > tasks to be completed: 2 -- submitted tasks are shown below
~> TaskHandler[jobId: 357650; id: 15; name: NFCORE_RNASEQ:RNASEQ:ALIGN_STAR:STAR_ALIGN (T2); status: RUNNING; exit: -; error: -; workDir: /home/rungger/Scripts/Intratumoral_Microorganisms/Pipe_Nextflow/work/d5/507a3c5b4a5939e37416c9459900d8 started: 1730275945924; exited: -; ]
~> TaskHandler[jobId: 357651; id: 14; name: NFCORE_RNASEQ:RNASEQ:ALIGN_STAR:STAR_ALIGN (T1); status: RUNNING; exit: -; error: -; workDir: /home/rungger/Scripts/Intratumoral_Microorganisms/Pipe_Nextflow/work/a2/e812381fcdb5a330aa100e5c13c95e started: 1730275945940; exited: -; ]
Oct-30 09:37:26.028 [Task monitor] DEBUG n.processor.TaskPollingMonitor - !! executor slurm > tasks to be completed: 2 -- submitted tasks are shown below
~> TaskHandler[jobId: 357650; id: 15; name: NFCORE_RNASEQ:RNASEQ:ALIGN_STAR:STAR_ALIGN (T2); status: RUNNING; exit: -; error: -; workDir: /home/rungger/Scripts/Intratumoral_Microorganisms/Pipe_Nextflow/work/d5/507a3c5b4a5939e37416c9459900d8 started: 1730275945924; exited: -; ]
~> TaskHandler[jobId: 357651; id: 14; name: NFCORE_RNASEQ:RNASEQ:ALIGN_STAR:STAR_ALIGN (T1); status: RUNNING; exit: -; error: -; workDir: /home/rungger/Scripts/Intratumoral_Microorganisms/Pipe_Nextflow/work/a2/e812381fcdb5a330aa100e5c13c95e started: 1730275945940; exited: -; ]
Oct-30 09:42:26.041 [Task monitor] DEBUG n.processor.TaskPollingMonitor - !! executor slurm > tasks to be completed: 2 -- submitted tasks are shown below
~> TaskHandler[jobId: 357650; id: 15; name: NFCORE_RNASEQ:RNASEQ:ALIGN_STAR:STAR_ALIGN (T2); status: RUNNING; exit: -; error: -; workDir: /home/rungger/Scripts/Intratumoral_Microorganisms/Pipe_Nextflow/work/d5/507a3c5b4a5939e37416c9459900d8 started: 1730275945924; exited: -; ]
~> TaskHandler[jobId: 357651; id: 14; name: NFCORE_RNASEQ:RNASEQ:ALIGN_STAR:STAR_ALIGN (T1); status: RUNNING; exit: -; error: -; workDir: /home/rungger/Scripts/Intratumoral_Microorganisms/Pipe_Nextflow/work/a2/e812381fcdb5a330aa100e5c13c95e started: 1730275945940; exited: -; ]
Oct-30 09:47:26.063 [Task monitor] DEBUG n.processor.TaskPollingMonitor - !! executor slurm > tasks to be completed: 2 -- submitted tasks are shown below
~> TaskHandler[jobId: 357650; id: 15; name: NFCORE_RNASEQ:RNASEQ:ALIGN_STAR:STAR_ALIGN (T2); status: RUNNING; exit: -; error: -; workDir: /home/rungger/Scripts/Intratumoral_Microorganisms/Pipe_Nextflow/work/d5/507a3c5b4a5939e37416c9459900d8 started: 1730275945924; exited: -; ]
~> TaskHandler[jobId: 357651; id: 14; name: NFCORE_RNASEQ:RNASEQ:ALIGN_STAR:STAR_ALIGN (T1); status: RUNNING; exit: -; error: -; workDir: /home/rungger/Scripts/Intratumoral_Microorganisms/Pipe_Nextflow/work/a2/e812381fcdb5a330aa100e5c13c95e started: 1730275945940; exited: -; ]
Oct-30 09:52:26.078 [Task monitor] DEBUG n.processor.TaskPollingMonitor - !! executor slurm > tasks to be completed: 2 -- submitted tasks are shown below
~> TaskHandler[jobId: 357650; id: 15; name: NFCORE_RNASEQ:RNASEQ:ALIGN_STAR:STAR_ALIGN (T2); status: RUNNING; exit: -; error: -; workDir: /home/rungger/Scripts/Intratumoral_Microorganisms/Pipe_Nextflow/work/d5/507a3c5b4a5939e37416c9459900d8 started: 1730275945924; exited: -; ]
~> TaskHandler[jobId: 357651; id: 14; name: NFCORE_RNASEQ:RNASEQ:ALIGN_STAR:STAR_ALIGN (T1); status: RUNNING; exit: -; error: -; workDir: /home/rungger/Scripts/Intratumoral_Microorganisms/Pipe_Nextflow/work/a2/e812381fcdb5a330aa100e5c13c95e started: 1730275945940; exited: -; ]
Oct-30 09:57:26.095 [Task monitor] DEBUG n.processor.TaskPollingMonitor - !! executor slurm > tasks to be completed: 2 -- submitted tasks are shown below
~> TaskHandler[jobId: 357650; id: 15; name: NFCORE_RNASEQ:RNASEQ:ALIGN_STAR:STAR_ALIGN (T2); status: RUNNING; exit: -; error: -; workDir: /home/rungger/Scripts/Intratumoral_Microorganisms/Pipe_Nextflow/work/d5/507a3c5b4a5939e37416c9459900d8 started: 1730275945924; exited: -; ]
~> TaskHandler[jobId: 357651; id: 14; name: NFCORE_RNASEQ:RNASEQ:ALIGN_STAR:STAR_ALIGN (T1); status: RUNNING; exit: -; error: -; workDir: /home/rungger/Scripts/Intratumoral_Microorganisms/Pipe_Nextflow/work/a2/e812381fcdb5a330aa100e5c13c95e started: 1730275945940; exited: -; ]
Oct-30 10:02:26.116 [Task monitor] DEBUG n.processor.TaskPollingMonitor - !! executor slurm > tasks to be completed: 2 -- submitted tasks are shown below
~> TaskHandler[jobId: 357650; id: 15; name: NFCORE_RNASEQ:RNASEQ:ALIGN_STAR:STAR_ALIGN (T2); status: RUNNING; exit: -; error: -; workDir: /home/rungger/Scripts/Intratumoral_Microorganisms/Pipe_Nextflow/work/d5/507a3c5b4a5939e37416c9459900d8 started: 1730275945924; exited: -; ]
~> TaskHandler[jobId: 357651; id: 14; name: NFCORE_RNASEQ:RNASEQ:ALIGN_STAR:STAR_ALIGN (T1); status: RUNNING; exit: -; error: -; workDir: /home/rungger/Scripts/Intratumoral_Microorganisms/Pipe_Nextflow/work/a2/e812381fcdb5a330aa100e5c13c95e started: 1730275945940; exited: -; ]
Oct-30 10:07:26.126 [Task monitor] DEBUG n.processor.TaskPollingMonitor - !! executor slurm > tasks to be completed: 2 -- submitted tasks are shown below
~> TaskHandler[jobId: 357650; id: 15; name: NFCORE_RNASEQ:RNASEQ:ALIGN_STAR:STAR_ALIGN (T2); status: RUNNING; exit: -; error: -; workDir: /home/rungger/Scripts/Intratumoral_Microorganisms/Pipe_Nextflow/work/d5/507a3c5b4a5939e37416c9459900d8 started: 1730275945924; exited: -; ]
~> TaskHandler[jobId: 357651; id: 14; name: NFCORE_RNASEQ:RNASEQ:ALIGN_STAR:STAR_ALIGN (T1); status: RUNNING; exit: -; error: -; workDir: /home/rungger/Scripts/Intratumoral_Microorganisms/Pipe_Nextflow/work/a2/e812381fcdb5a330aa100e5c13c95e started: 1730275945940; exited: -; ]
Oct-30 10:12:26.144 [Task monitor] DEBUG n.processor.TaskPollingMonitor - !! executor slurm > tasks to be completed: 2 -- submitted tasks are shown below
~> TaskHandler[jobId: 357650; id: 15; name: NFCORE_RNASEQ:RNASEQ:ALIGN_STAR:STAR_ALIGN (T2); status: RUNNING; exit: -; error: -; workDir: /home/rungger/Scripts/Intratumoral_Microorganisms/Pipe_Nextflow/work/d5/507a3c5b4a5939e37416c9459900d8 started: 1730275945924; exited: -; ]
~> TaskHandler[jobId: 357651; id: 14; name: NFCORE_RNASEQ:RNASEQ:ALIGN_STAR:STAR_ALIGN (T1); status: RUNNING; exit: -; error: -; workDir: /home/rungger/Scripts/Intratumoral_Microorganisms/Pipe_Nextflow/work/a2/e812381fcdb5a330aa100e5c13c95e started: 1730275945940; exited: -; ]
Oct-30 10:17:26.159 [Task monitor] DEBUG n.processor.TaskPollingMonitor - !! executor slurm > tasks to be completed: 2 -- submitted tasks are shown below
~> TaskHandler[jobId: 357650; id: 15; name: NFCORE_RNASEQ:RNASEQ:ALIGN_STAR:STAR_ALIGN (T2); status: RUNNING; exit: -; error: -; workDir: /home/rungger/Scripts/Intratumoral_Microorganisms/Pipe_Nextflow/work/d5/507a3c5b4a5939e37416c9459900d8 started: 1730275945924; exited: -; ]
~> TaskHandler[jobId: 357651; id: 14; name: NFCORE_RNASEQ:RNASEQ:ALIGN_STAR:STAR_ALIGN (T1); status: RUNNING; exit: -; error: -; workDir: /home/rungger/Scripts/Intratumoral_Microorganisms/Pipe_Nextflow/work/a2/e812381fcdb5a330aa100e5c13c95e started: 1730275945940; exited: -; ]
Oct-30 10:22:26.171 [Task monitor] DEBUG n.processor.TaskPollingMonitor - !! executor slurm > tasks to be completed: 2 -- submitted tasks are shown below
~> TaskHandler[jobId: 357650; id: 15; name: NFCORE_RNASEQ:RNASEQ:ALIGN_STAR:STAR_ALIGN (T2); status: RUNNING; exit: -; error: -; workDir: /home/rungger/Scripts/Intratumoral_Microorganisms/Pipe_Nextflow/work/d5/507a3c5b4a5939e37416c9459900d8 started: 1730275945924; exited: -; ]
~> TaskHandler[jobId: 357651; id: 14; name: NFCORE_RNASEQ:RNASEQ:ALIGN_STAR:STAR_ALIGN (T1); status: RUNNING; exit: -; error: -; workDir: /home/rungger/Scripts/Intratumoral_Microorganisms/Pipe_Nextflow/work/a2/e812381fcdb5a330aa100e5c13c95e started: 1730275945940; exited: -; ]
Oct-30 10:27:26.187 [Task monitor] DEBUG n.processor.TaskPollingMonitor - !! executor slurm > tasks to be completed: 2 -- submitted tasks are shown below
~> TaskHandler[jobId: 357650; id: 15; name: NFCORE_RNASEQ:RNASEQ:ALIGN_STAR:STAR_ALIGN (T2); status: RUNNING; exit: -; error: -; workDir: /home/rungger/Scripts/Intratumoral_Microorganisms/Pipe_Nextflow/work/d5/507a3c5b4a5939e37416c9459900d8 started: 1730275945924; exited: -; ]
~> TaskHandler[jobId: 357651; id: 14; name: NFCORE_RNASEQ:RNASEQ:ALIGN_STAR:STAR_ALIGN (T1); status: RUNNING; exit: -; error: -; workDir: /home/rungger/Scripts/Intratumoral_Microorganisms/Pipe_Nextflow/work/a2/e812381fcdb5a330aa100e5c13c95e started: 1730275945940; exited: -; ]
Oct-30 10:32:26.210 [Task monitor] DEBUG n.processor.TaskPollingMonitor - !! executor slurm > tasks to be completed: 2 -- submitted tasks are shown below
~> TaskHandler[jobId: 357650; id: 15; name: NFCORE_RNASEQ:RNASEQ:ALIGN_STAR:STAR_ALIGN (T2); status: RUNNING; exit: -; error: -; workDir: /home/rungger/Scripts/Intratumoral_Microorganisms/Pipe_Nextflow/work/d5/507a3c5b4a5939e37416c9459900d8 started: 1730275945924; exited: -; ]
~> TaskHandler[jobId: 357651; id: 14; name: NFCORE_RNASEQ:RNASEQ:ALIGN_STAR:STAR_ALIGN (T1); status: RUNNING; exit: -; error: -; workDir: /home/rungger/Scripts/Intratumoral_Microorganisms/Pipe_Nextflow/work/a2/e812381fcdb5a330aa100e5c13c95e started: 1730275945940; exited: -; ]
Oct-30 10:37:26.224 [Task monitor] DEBUG n.processor.TaskPollingMonitor - !! executor slurm > tasks to be completed: 2 -- submitted tasks are shown below
~> TaskHandler[jobId: 357650; id: 15; name: NFCORE_RNASEQ:RNASEQ:ALIGN_STAR:STAR_ALIGN (T2); status: RUNNING; exit: -; error: -; workDir: /home/rungger/Scripts/Intratumoral_Microorganisms/Pipe_Nextflow/work/d5/507a3c5b4a5939e37416c9459900d8 started: 1730275945924; exited: -; ]
~> TaskHandler[jobId: 357651; id: 14; name: NFCORE_RNASEQ:RNASEQ:ALIGN_STAR:STAR_ALIGN (T1); status: RUNNING; exit: -; error: -; workDir: /home/rungger/Scripts/Intratumoral_Microorganisms/Pipe_Nextflow/work/a2/e812381fcdb5a330aa100e5c13c95e started: 1730275945940; exited: -; ]
Oct-30 10:42:26.244 [Task monitor] DEBUG n.processor.TaskPollingMonitor - !! executor slurm > tasks to be completed: 2 -- submitted tasks are shown below
~> TaskHandler[jobId: 357650; id: 15; name: NFCORE_RNASEQ:RNASEQ:ALIGN_STAR:STAR_ALIGN (T2); status: RUNNING; exit: -; error: -; workDir: /home/rungger/Scripts/Intratumoral_Microorganisms/Pipe_Nextflow/work/d5/507a3c5b4a5939e37416c9459900d8 started: 1730275945924; exited: -; ]
~> TaskHandler[jobId: 357651; id: 14; name: NFCORE_RNASEQ:RNASEQ:ALIGN_STAR:STAR_ALIGN (T1); status: RUNNING; exit: -; error: -; workDir: /home/rungger/Scripts/Intratumoral_Microorganisms/Pipe_Nextflow/work/a2/e812381fcdb5a330aa100e5c13c95e started: 1730275945940; exited: -; ]
Oct-30 10:47:26.257 [Task monitor] DEBUG n.processor.TaskPollingMonitor - !! executor slurm > tasks to be completed: 2 -- submitted tasks are shown below
~> TaskHandler[jobId: 357650; id: 15; name: NFCORE_RNASEQ:RNASEQ:ALIGN_STAR:STAR_ALIGN (T2); status: RUNNING; exit: -; error: -; workDir: /home/rungger/Scripts/Intratumoral_Microorganisms/Pipe_Nextflow/work/d5/507a3c5b4a5939e37416c9459900d8 started: 1730275945924; exited: -; ]
~> TaskHandler[jobId: 357651; id: 14; name: NFCORE_RNASEQ:RNASEQ:ALIGN_STAR:STAR_ALIGN (T1); status: RUNNING; exit: -; error: -; workDir: /home/rungger/Scripts/Intratumoral_Microorganisms/Pipe_Nextflow/work/a2/e812381fcdb5a330aa100e5c13c95e started: 1730275945940; exited: -; ]
Oct-30 10:52:26.273 [Task monitor] DEBUG n.processor.TaskPollingMonitor - !! executor slurm > tasks to be completed: 2 -- submitted tasks are shown below
~> TaskHandler[jobId: 357650; id: 15; name: NFCORE_RNASEQ:RNASEQ:ALIGN_STAR:STAR_ALIGN (T2); status: RUNNING; exit: -; error: -; workDir: /home/rungger/Scripts/Intratumoral_Microorganisms/Pipe_Nextflow/work/d5/507a3c5b4a5939e37416c9459900d8 started: 1730275945924; exited: -; ]
~> TaskHandler[jobId: 357651; id: 14; name: NFCORE_RNASEQ:RNASEQ:ALIGN_STAR:STAR_ALIGN (T1); status: RUNNING; exit: -; error: -; workDir: /home/rungger/Scripts/Intratumoral_Microorganisms/Pipe_Nextflow/work/a2/e812381fcdb5a330aa100e5c13c95e started: 1730275945940; exited: -; ]
Oct-30 10:57:26.290 [Task monitor] DEBUG n.processor.TaskPollingMonitor - !! executor slurm > tasks to be completed: 2 -- submitted tasks are shown below
~> TaskHandler[jobId: 357650; id: 15; name: NFCORE_RNASEQ:RNASEQ:ALIGN_STAR:STAR_ALIGN (T2); status: RUNNING; exit: -; error: -; workDir: /home/rungger/Scripts/Intratumoral_Microorganisms/Pipe_Nextflow/work/d5/507a3c5b4a5939e37416c9459900d8 started: 1730275945924; exited: -; ]
~> TaskHandler[jobId: 357651; id: 14; name: NFCORE_RNASEQ:RNASEQ:ALIGN_STAR:STAR_ALIGN (T1); status: RUNNING; exit: -; error: -; workDir: /home/rungger/Scripts/Intratumoral_Microorganisms/Pipe_Nextflow/work/a2/e812381fcdb5a330aa100e5c13c95e started: 1730275945940; exited: -; ]
Oct-30 11:02:26.309 [Task monitor] DEBUG n.processor.TaskPollingMonitor - !! executor slurm > tasks to be completed: 2 -- submitted tasks are shown below
~> TaskHandler[jobId: 357650; id: 15; name: NFCORE_RNASEQ:RNASEQ:ALIGN_STAR:STAR_ALIGN (T2); status: RUNNING; exit: -; error: -; workDir: /home/rungger/Scripts/Intratumoral_Microorganisms/Pipe_Nextflow/work/d5/507a3c5b4a5939e37416c9459900d8 started: 1730275945924; exited: -; ]
~> TaskHandler[jobId: 357651; id: 14; name: NFCORE_RNASEQ:RNASEQ:ALIGN_STAR:STAR_ALIGN (T1); status: RUNNING; exit: -; error: -; workDir: /home/rungger/Scripts/Intratumoral_Microorganisms/Pipe_Nextflow/work/a2/e812381fcdb5a330aa100e5c13c95e started: 1730275945940; exited: -; ]
Oct-30 11:07:26.324 [Task monitor] DEBUG n.processor.TaskPollingMonitor - !! executor slurm > tasks to be completed: 2 -- submitted tasks are shown below
~> TaskHandler[jobId: 357650; id: 15; name: NFCORE_RNASEQ:RNASEQ:ALIGN_STAR:STAR_ALIGN (T2); status: RUNNING; exit: -; error: -; workDir: /home/rungger/Scripts/Intratumoral_Microorganisms/Pipe_Nextflow/work/d5/507a3c5b4a5939e37416c9459900d8 started: 1730275945924; exited: -; ]
~> TaskHandler[jobId: 357651; id: 14; name: NFCORE_RNASEQ:RNASEQ:ALIGN_STAR:STAR_ALIGN (T1); status: RUNNING; exit: -; error: -; workDir: /home/rungger/Scripts/Intratumoral_Microorganisms/Pipe_Nextflow/work/a2/e812381fcdb5a330aa100e5c13c95e started: 1730275945940; exited: -; ]
Oct-30 11:12:26.345 [Task monitor] DEBUG n.processor.TaskPollingMonitor - !! executor slurm > tasks to be completed: 2 -- submitted tasks are shown below
~> TaskHandler[jobId: 357650; id: 15; name: NFCORE_RNASEQ:RNASEQ:ALIGN_STAR:STAR_ALIGN (T2); status: RUNNING; exit: -; error: -; workDir: /home/rungger/Scripts/Intratumoral_Microorganisms/Pipe_Nextflow/work/d5/507a3c5b4a5939e37416c9459900d8 started: 1730275945924; exited: -; ]
~> TaskHandler[jobId: 357651; id: 14; name: NFCORE_RNASEQ:RNASEQ:ALIGN_STAR:STAR_ALIGN (T1); status: RUNNING; exit: -; error: -; workDir: /home/rungger/Scripts/Intratumoral_Microorganisms/Pipe_Nextflow/work/a2/e812381fcdb5a330aa100e5c13c95e started: 1730275945940; exited: -; ]
Oct-30 11:17:26.365 [Task monitor] DEBUG n.processor.TaskPollingMonitor - !! executor slurm > tasks to be completed: 2 -- submitted tasks are shown below
~> TaskHandler[jobId: 357650; id: 15; name: NFCORE_RNASEQ:RNASEQ:ALIGN_STAR:STAR_ALIGN (T2); status: RUNNING; exit: -; error: -; workDir: /home/rungger/Scripts/Intratumoral_Microorganisms/Pipe_Nextflow/work/d5/507a3c5b4a5939e37416c9459900d8 started: 1730275945924; exited: -; ]
~> TaskHandler[jobId: 357651; id: 14; name: NFCORE_RNASEQ:RNASEQ:ALIGN_STAR:STAR_ALIGN (T1); status: RUNNING; exit: -; error: -; workDir: /home/rungger/Scripts/Intratumoral_Microorganisms/Pipe_Nextflow/work/a2/e812381fcdb5a330aa100e5c13c95e started: 1730275945940; exited: -; ]
Oct-30 11:22:26.379 [Task monitor] DEBUG n.processor.TaskPollingMonitor - !! executor slurm > tasks to be completed: 2 -- submitted tasks are shown below
~> TaskHandler[jobId: 357650; id: 15; name: NFCORE_RNASEQ:RNASEQ:ALIGN_STAR:STAR_ALIGN (T2); status: RUNNING; exit: -; error: -; workDir: /home/rungger/Scripts/Intratumoral_Microorganisms/Pipe_Nextflow/work/d5/507a3c5b4a5939e37416c9459900d8 started: 1730275945924; exited: -; ]
~> TaskHandler[jobId: 357651; id: 14; name: NFCORE_RNASEQ:RNASEQ:ALIGN_STAR:STAR_ALIGN (T1); status: RUNNING; exit: -; error: -; workDir: /home/rungger/Scripts/Intratumoral_Microorganisms/Pipe_Nextflow/work/a2/e812381fcdb5a330aa100e5c13c95e started: 1730275945940; exited: -; ]
Oct-30 11:25:22.452 [SIGHUP handler] DEBUG nextflow.Session - Session aborted -- Cause: SIGHUP
Oct-30 11:25:22.451 [SIGHUP handler] DEBUG nextflow.Session - Session aborted -- Cause: SIGHUP
Oct-30 11:25:22.504 [SIGHUP handler] DEBUG nextflow.Session - The following nodes are still active:
[process] NFCORE_RNASEQ:RNASEQ:ALIGN_STAR:BAM_SORT_STATS_SAMTOOLS:SAMTOOLS_SORT
  status=ACTIVE
  port 0: (queue) OPEN  ; channel: -
  port 1: (cntrl) -     ; channel: $

[process] NFCORE_RNASEQ:RNASEQ:ALIGN_STAR:BAM_SORT_STATS_SAMTOOLS:SAMTOOLS_INDEX
  status=ACTIVE
  port 0: (queue) OPEN  ; channel: -
  port 1: (cntrl) -     ; channel: $

[process] NFCORE_RNASEQ:RNASEQ:ALIGN_STAR:BAM_SORT_STATS_SAMTOOLS:BAM_STATS_SAMTOOLS:SAMTOOLS_STATS
  status=ACTIVE
  port 0: (queue) OPEN  ; channel: -
  port 1: (value) bound ; channel: -
  port 2: (cntrl) -     ; channel: $

[process] NFCORE_RNASEQ:RNASEQ:ALIGN_STAR:BAM_SORT_STATS_SAMTOOLS:BAM_STATS_SAMTOOLS:SAMTOOLS_FLAGSTAT
  status=ACTIVE
  port 0: (queue) OPEN  ; channel: -
  port 1: (cntrl) -     ; channel: $

[process] NFCORE_RNASEQ:RNASEQ:ALIGN_STAR:BAM_SORT_STATS_SAMTOOLS:BAM_STATS_SAMTOOLS:SAMTOOLS_IDXSTATS
  status=ACTIVE
  port 0: (queue) OPEN  ; channel: -
  port 1: (cntrl) -     ; channel: $

[process] NFCORE_RNASEQ:RNASEQ:QUANTIFY_STAR_SALMON:SALMON_QUANT
  status=ACTIVE
  port 0: (queue) OPEN  ; channel: -
  port 1: (value) bound ; channel: index
  port 2: (value) bound ; channel: gtf
  port 3: (value) bound ; channel: transcript_fasta
  port 4: (value) bound ; channel: alignment_mode
  port 5: (value) bound ; channel: lib_type
  port 6: (cntrl) -     ; channel: $

[process] NFCORE_RNASEQ:RNASEQ:QUANTIFY_STAR_SALMON:TX2GENE
  status=ACTIVE
  port 0: (value) OPEN  ; channel: quants/*
  port 1: (value) bound ; channel: quant_type
  port 2: (value) bound ; channel: gtf
  port 3: (cntrl) -     ; channel: $

[process] NFCORE_RNASEQ:RNASEQ:QUANTIFY_STAR_SALMON:TXIMPORT
  status=ACTIVE
  port 0: (value) OPEN  ; channel: quants/*
  port 1: (value) OPEN  ; channel: tx2gene
  port 2: (value) bound ; channel: quant_type
  port 3: (cntrl) -     ; channel: $

[process] NFCORE_RNASEQ:RNASEQ:QUANTIFY_STAR_SALMON:SE_GENE
  status=ACTIVE
  port 0: (value) OPEN  ; channel: counts
  port 1: (value) OPEN  ; channel: tpm
  port 2: (value) OPEN  ; channel: tx2gene
  port 3: (cntrl) -     ; channel: $

[process] NFCORE_RNASEQ:RNASEQ:QUANTIFY_STAR_SALMON:SE_GENE_LENGTH_SCALED
  status=ACTIVE
  port 0: (value) OPEN  ; channel: counts
  port 1: (value) OPEN  ; channel: tpm
  port 2: (value) OPEN  ; channel: tx2gene
  port 3: (cntrl) -     ; channel: $

[process] NFCORE_RNASEQ:RNASEQ:QUANTIFY_STAR_SALMON:SE_GENE_SCALED
  status=ACTIVE
  port 0: (value) OPEN  ; channel: counts
  port 1: (value) OPEN  ; channel: tpm
  port 2: (value) OPEN  ; channel: tx2gene
  port 3: (cntrl) -     ; channel: $

[process] NFCORE_RNASEQ:RNASEQ:QUANTIFY_STAR_SALMON:SE_TRANSCRIPT
  status=ACTIVE
  port 0: (value) OPEN  ; channel: counts
  port 1: (value) OPEN  ; channel: tpm
  port 2: (value) OPEN  ; channel: tx2gene
  port 3: (cntrl) -     ; channel: $

[process] NFCORE_RNASEQ:RNASEQ:DESEQ2_QC_STAR_SALMON
  status=ACTIVE
  port 0: (value) OPEN  ; channel: counts
  port 1: (value) bound ; channel: pca_header_multiqc
  port 2: (value) bound ; channel: clustering_header_multiqc
  port 3: (cntrl) -     ; channel: $

[process] NFCORE_RNASEQ:RNASEQ:BAM_MARKDUPLICATES_PICARD:PICARD_MARKDUPLICATES
  status=ACTIVE
  port 0: (queue) OPEN  ; channel: -
  port 1: (value) bound ; channel: -
  port 2: (value) bound ; channel: -
  port 3: (cntrl) -     ; channel: $

[process] NFCORE_RNASEQ:RNASEQ:BAM_MARKDUPLICATES_PICARD:SAMTOOLS_INDEX
  status=ACTIVE
  port 0: (queue) OPEN  ; channel: -
  port 1: (cntrl) -     ; channel: $

[process] NFCORE_RNASEQ:RNASEQ:BAM_MARKDUPLICATES_PICARD:BAM_STATS_SAMTOOLS:SAMTOOLS_STATS
  status=ACTIVE
  port 0: (queue) OPEN  ; channel: -
  port 1: (value) bound ; channel: -
  port 2: (cntrl) -     ; channel: $

[process] NFCORE_RNASEQ:RNASEQ:BAM_MARKDUPLICATES_PICARD:BAM_STATS_SAMTOOLS:SAMTOOLS_FLAGSTAT
  status=ACTIVE
  port 0: (queue) OPEN  ; channel: -
  port 1: (cntrl) -     ; channel: $

[process] NFCORE_RNASEQ:RNASEQ:BAM_MARKDUPLICATES_PICARD:BAM_STATS_SAMTOOLS:SAMTOOLS_IDXSTATS
  status=ACTIVE
  port 0: (queue) OPEN  ; channel: -
  port 1: (cntrl) -     ; channel: $

[process] NFCORE_RNASEQ:RNASEQ:STRINGTIE_STRINGTIE
  status=ACTIVE
  port 0: (queue) OPEN  ; channel: -
  port 1: (value) bound ; channel: annotation_gtf
  port 2: (cntrl) -     ; channel: $

[process] NFCORE_RNASEQ:RNASEQ:SUBREAD_FEATURECOUNTS
  status=ACTIVE
  port 0: (queue) OPEN  ; channel: -
  port 1: (cntrl) -     ; channel: $

[process] NFCORE_RNASEQ:RNASEQ:MULTIQC_CUSTOM_BIOTYPE
  status=ACTIVE
  port 0: (queue) OPEN  ; channel: -
  port 1: (value) bound ; channel: header
  port 2: (cntrl) -     ; channel: $

[process] NFCORE_RNASEQ:RNASEQ:QUALIMAP_RNASEQ
  status=ACTIVE
  port 0: (queue) OPEN  ; channel: -
  port 1: (value) bound ; channel: -
  port 2: (cntrl) -     ; channel: $

[process] NFCORE_RNASEQ:RNASEQ:DUPRADAR
  status=ACTIVE
  port 0: (queue) OPEN  ; channel: -
  port 1: (value) bound ; channel: gtf
  port 2: (cntrl) -     ; channel: $

[process] NFCORE_RNASEQ:RNASEQ:BAM_RSEQC:RSEQC_BAMSTAT
  status=ACTIVE
  port 0: (queue) OPEN  ; channel: -
  port 1: (cntrl) -     ; channel: $

[process] NFCORE_RNASEQ:RNASEQ:BAM_RSEQC:RSEQC_INNERDISTANCE
  status=ACTIVE
  port 0: (queue) OPEN  ; channel: -
  port 1: (value) bound ; channel: bed
  port 2: (cntrl) -     ; channel: $

[process] NFCORE_RNASEQ:RNASEQ:BAM_RSEQC:RSEQC_INFEREXPERIMENT
  status=ACTIVE
  port 0: (queue) OPEN  ; channel: -
  port 1: (value) bound ; channel: bed
  port 2: (cntrl) -     ; channel: $

[process] NFCORE_RNASEQ:RNASEQ:BAM_RSEQC:RSEQC_JUNCTIONANNOTATION
  status=ACTIVE
  port 0: (queue) OPEN  ; channel: -
  port 1: (value) bound ; channel: bed
  port 2: (cntrl) -     ; channel: $

[process] NFCORE_RNASEQ:RNASEQ:BAM_RSEQC:RSEQC_JUNCTIONSATURATION
  status=ACTIVE
  port 0: (queue) OPEN  ; channel: -
  port 1: (value) bound ; channel: bed
  port 2: (cntrl) -     ; channel: $

[process] NFCORE_RNASEQ:RNASEQ:BAM_RSEQC:RSEQC_READDISTRIBUTION
  status=ACTIVE
  port 0: (queue) OPEN  ; channel: -
  port 1: (value) bound ; channel: bed
  port 2: (cntrl) -     ; channel: $

[process] NFCORE_RNASEQ:RNASEQ:BAM_RSEQC:RSEQC_READDUPLICATION
  status=ACTIVE
  port 0: (queue) OPEN  ; channel: -
  port 1: (cntrl) -     ; channel: $

[process] NFCORE_RNASEQ:RNASEQ:CUSTOM_DUMPSOFTWAREVERSIONS
  status=ACTIVE
  port 0: (queue) OPEN  ; channel: versions
  port 1: (cntrl) -     ; channel: $

Oct-30 11:25:22.504 [SIGHUP handler] DEBUG nextflow.Session - The following nodes are still active:
[process] NFCORE_RNASEQ:RNASEQ:ALIGN_STAR:BAM_SORT_STATS_SAMTOOLS:SAMTOOLS_SORT
  status=ACTIVE
  port 0: (queue) OPEN  ; channel: -
  port 1: (cntrl) -     ; channel: $

[process] NFCORE_RNASEQ:RNASEQ:ALIGN_STAR:BAM_SORT_STATS_SAMTOOLS:SAMTOOLS_INDEX
  status=ACTIVE
  port 0: (queue) OPEN  ; channel: -
  port 1: (cntrl) -     ; channel: $

[process] NFCORE_RNASEQ:RNASEQ:ALIGN_STAR:BAM_SORT_STATS_SAMTOOLS:BAM_STATS_SAMTOOLS:SAMTOOLS_STATS
  status=ACTIVE
  port 0: (queue) OPEN  ; channel: -
  port 1: (value) bound ; channel: -
  port 2: (cntrl) -     ; channel: $

[process] NFCORE_RNASEQ:RNASEQ:ALIGN_STAR:BAM_SORT_STATS_SAMTOOLS:BAM_STATS_SAMTOOLS:SAMTOOLS_FLAGSTAT
  status=ACTIVE
  port 0: (queue) OPEN  ; channel: -
  port 1: (cntrl) -     ; channel: $

[process] NFCORE_RNASEQ:RNASEQ:ALIGN_STAR:BAM_SORT_STATS_SAMTOOLS:BAM_STATS_SAMTOOLS:SAMTOOLS_IDXSTATS
  status=ACTIVE
  port 0: (queue) OPEN  ; channel: -
  port 1: (cntrl) -     ; channel: $

[process] NFCORE_RNASEQ:RNASEQ:QUANTIFY_STAR_SALMON:SALMON_QUANT
  status=ACTIVE
  port 0: (queue) OPEN  ; channel: -
  port 1: (value) bound ; channel: index
  port 2: (value) bound ; channel: gtf
  port 3: (value) bound ; channel: transcript_fasta
  port 4: (value) bound ; channel: alignment_mode
  port 5: (value) bound ; channel: lib_type
  port 6: (cntrl) -     ; channel: $

[process] NFCORE_RNASEQ:RNASEQ:QUANTIFY_STAR_SALMON:TX2GENE
  status=ACTIVE
  port 0: (value) OPEN  ; channel: quants/*
  port 1: (value) bound ; channel: quant_type
  port 2: (value) bound ; channel: gtf
  port 3: (cntrl) -     ; channel: $

[process] NFCORE_RNASEQ:RNASEQ:QUANTIFY_STAR_SALMON:TXIMPORT
  status=ACTIVE
  port 0: (value) OPEN  ; channel: quants/*
  port 1: (value) OPEN  ; channel: tx2gene
  port 2: (value) bound ; channel: quant_type
  port 3: (cntrl) -     ; channel: $

[process] NFCORE_RNASEQ:RNASEQ:QUANTIFY_STAR_SALMON:SE_GENE
  status=ACTIVE
  port 0: (value) OPEN  ; channel: counts
  port 1: (value) OPEN  ; channel: tpm
  port 2: (value) OPEN  ; channel: tx2gene
  port 3: (cntrl) -     ; channel: $

[process] NFCORE_RNASEQ:RNASEQ:QUANTIFY_STAR_SALMON:SE_GENE_LENGTH_SCALED
  status=ACTIVE
  port 0: (value) OPEN  ; channel: counts
  port 1: (value) OPEN  ; channel: tpm
  port 2: (value) OPEN  ; channel: tx2gene
  port 3: (cntrl) -     ; channel: $

[process] NFCORE_RNASEQ:RNASEQ:QUANTIFY_STAR_SALMON:SE_GENE_SCALED
  status=ACTIVE
  port 0: (value) OPEN  ; channel: counts
  port 1: (value) OPEN  ; channel: tpm
  port 2: (value) OPEN  ; channel: tx2gene
  port 3: (cntrl) -     ; channel: $

[process] NFCORE_RNASEQ:RNASEQ:QUANTIFY_STAR_SALMON:SE_TRANSCRIPT
  status=ACTIVE
  port 0: (value) OPEN  ; channel: counts
  port 1: (value) OPEN  ; channel: tpm
  port 2: (value) OPEN  ; channel: tx2gene
  port 3: (cntrl) -     ; channel: $

[process] NFCORE_RNASEQ:RNASEQ:DESEQ2_QC_STAR_SALMON
  status=ACTIVE
  port 0: (value) OPEN  ; channel: counts
  port 1: (value) bound ; channel: pca_header_multiqc
  port 2: (value) bound ; channel: clustering_header_multiqc
  port 3: (cntrl) -     ; channel: $

[process] NFCORE_RNASEQ:RNASEQ:BAM_MARKDUPLICATES_PICARD:PICARD_MARKDUPLICATES
  status=ACTIVE
  port 0: (queue) OPEN  ; channel: -
  port 1: (value) bound ; channel: -
  port 2: (value) bound ; channel: -
  port 3: (cntrl) -     ; channel: $

[process] NFCORE_RNASEQ:RNASEQ:BAM_MARKDUPLICATES_PICARD:SAMTOOLS_INDEX
  status=ACTIVE
  port 0: (queue) OPEN  ; channel: -
  port 1: (cntrl) -     ; channel: $

[process] NFCORE_RNASEQ:RNASEQ:BAM_MARKDUPLICATES_PICARD:BAM_STATS_SAMTOOLS:SAMTOOLS_STATS
  status=ACTIVE
  port 0: (queue) OPEN  ; channel: -
  port 1: (value) bound ; channel: -
  port 2: (cntrl) -     ; channel: $

[process] NFCORE_RNASEQ:RNASEQ:BAM_MARKDUPLICATES_PICARD:BAM_STATS_SAMTOOLS:SAMTOOLS_FLAGSTAT
  status=ACTIVE
  port 0: (queue) OPEN  ; channel: -
  port 1: (cntrl) -     ; channel: $

[process] NFCORE_RNASEQ:RNASEQ:BAM_MARKDUPLICATES_PICARD:BAM_STATS_SAMTOOLS:SAMTOOLS_IDXSTATS
  status=ACTIVE
  port 0: (queue) OPEN  ; channel: -
  port 1: (cntrl) -     ; channel: $

[process] NFCORE_RNASEQ:RNASEQ:STRINGTIE_STRINGTIE
  status=ACTIVE
  port 0: (queue) OPEN  ; channel: -
  port 1: (value) bound ; channel: annotation_gtf
  port 2: (cntrl) -     ; channel: $

[process] NFCORE_RNASEQ:RNASEQ:SUBREAD_FEATURECOUNTS
  status=ACTIVE
  port 0: (queue) OPEN  ; channel: -
  port 1: (cntrl) -     ; channel: $

[process] NFCORE_RNASEQ:RNASEQ:MULTIQC_CUSTOM_BIOTYPE
  status=ACTIVE
  port 0: (queue) OPEN  ; channel: -
  port 1: (value) bound ; channel: header
  port 2: (cntrl) -     ; channel: $

[process] NFCORE_RNASEQ:RNASEQ:QUALIMAP_RNASEQ
  status=ACTIVE
  port 0: (queue) OPEN  ; channel: -
  port 1: (value) bound ; channel: -
  port 2: (cntrl) -     ; channel: $

[process] NFCORE_RNASEQ:RNASEQ:DUPRADAR
  status=ACTIVE
  port 0: (queue) OPEN  ; channel: -
  port 1: (value) bound ; channel: gtf
  port 2: (cntrl) -     ; channel: $

[process] NFCORE_RNASEQ:RNASEQ:BAM_RSEQC:RSEQC_BAMSTAT
  status=ACTIVE
  port 0: (queue) OPEN  ; channel: -
  port 1: (cntrl) -     ; channel: $

[process] NFCORE_RNASEQ:RNASEQ:BAM_RSEQC:RSEQC_INNERDISTANCE
  status=ACTIVE
  port 0: (queue) OPEN  ; channel: -
  port 1: (value) bound ; channel: bed
  port 2: (cntrl) -     ; channel: $

[process] NFCORE_RNASEQ:RNASEQ:BAM_RSEQC:RSEQC_INFEREXPERIMENT
  status=ACTIVE
  port 0: (queue) OPEN  ; channel: -
  port 1: (value) bound ; channel: bed
  port 2: (cntrl) -     ; channel: $

[process] NFCORE_RNASEQ:RNASEQ:BAM_RSEQC:RSEQC_JUNCTIONANNOTATION
  status=ACTIVE
  port 0: (queue) OPEN  ; channel: -
  port 1: (value) bound ; channel: bed
  port 2: (cntrl) -     ; channel: $

[process] NFCORE_RNASEQ:RNASEQ:BAM_RSEQC:RSEQC_JUNCTIONSATURATION
  status=ACTIVE
  port 0: (queue) OPEN  ; channel: -
  port 1: (value) bound ; channel: bed
  port 2: (cntrl) -     ; channel: $

[process] NFCORE_RNASEQ:RNASEQ:BAM_RSEQC:RSEQC_READDISTRIBUTION
  status=ACTIVE
  port 0: (queue) OPEN  ; channel: -
  port 1: (value) bound ; channel: bed
  port 2: (cntrl) -     ; channel: $

[process] NFCORE_RNASEQ:RNASEQ:BAM_RSEQC:RSEQC_READDUPLICATION
  status=ACTIVE
  port 0: (queue) OPEN  ; channel: -
  port 1: (cntrl) -     ; channel: $

[process] NFCORE_RNASEQ:RNASEQ:CUSTOM_DUMPSOFTWAREVERSIONS
  status=ACTIVE
  port 0: (queue) OPEN  ; channel: versions
  port 1: (cntrl) -     ; channel: $

Oct-30 11:25:22.507 [Task monitor] DEBUG n.processor.TaskPollingMonitor - <<< barrier arrives (monitor: slurm) - terminating tasks monitor poll loop
Oct-30 11:25:22.507 [main] DEBUG nextflow.Session - Session await > all processes finished
Oct-30 11:25:22.507 [main] DEBUG nextflow.Session - Session await > all barriers passed
Oct-30 11:25:22.511 [Actor Thread 131] DEBUG nextflow.file.SortFileCollector - FileCollector temp dir not removed: null
Oct-30 11:25:22.511 [Actor Thread 71] DEBUG nextflow.file.SortFileCollector - FileCollector temp dir not removed: null
Oct-30 11:25:22.518 [Actor Thread 127] DEBUG nextflow.sort.BigSort - Sort completed -- entries: 9; slices: 1; internal sort time: 0.008 s; external sort time: 0.0 s; total time: 0.008 s
Oct-30 11:25:22.519 [Actor Thread 127] DEBUG nextflow.file.FileCollector - >> temp file exists? true
Oct-30 11:25:22.520 [Actor Thread 127] DEBUG nextflow.file.FileCollector - Retrieved cached collect-files from: /home/rungger/Scripts/Intratumoral_Microorganisms/Pipe_Nextflow/work/collect-file/8eea6d624490c1b87625227075154f8f
Oct-30 11:25:22.522 [Actor Thread 127] DEBUG nextflow.file.FileCollector - Deleting file collector temp dir: /tmp/nxf-10875847377495073183
Oct-30 11:25:22.548 [main] INFO  nextflow.Nextflow - -[0;35m[nf-core/rnaseq][0;31m Pipeline completed with errors[0m-
Oct-30 11:25:22.557 [main] WARN  n.processor.TaskPollingMonitor - Killing running tasks (2)
Oct-30 11:25:22.574 [main] DEBUG n.trace.WorkflowStatsObserver - Workflow completed > WorkflowStats[succeededCount=0; failedCount=0; ignoredCount=0; cachedCount=13; pendingCount=0; submittedCount=0; runningCount=0; retriesCount=0; abortedCount=2; succeedDuration=0ms; failedDuration=0ms; cachedDuration=16h 27m 55s;loadCpus=0; loadMemory=0; peakRunning=2; peakCpus=24; peakMemory=144 GB; ]
Oct-30 11:25:22.575 [main] DEBUG nextflow.trace.TraceFileObserver - Workflow completed -- saving trace file
Oct-30 11:25:22.577 [main] DEBUG nextflow.trace.ReportObserver - Workflow completed -- rendering execution report
Oct-30 11:25:23.103 [main] DEBUG nextflow.trace.TimelineObserver - Workflow completed -- rendering execution timeline
Oct-30 11:25:23.190 [main] DEBUG nextflow.Session - Failed to invoke observer completion handler: nextflow.trace.GraphObserver@5a914616
java.lang.NullPointerException: Cannot invoke "nextflow.dag.MermaidRenderer$Node.getInputs()" because "target" is null
	at nextflow.dag.MermaidRenderer.getNodeLookup(MermaidRenderer.groovy:134)
	at nextflow.dag.MermaidRenderer.renderNetwork(MermaidRenderer.groovy:63)
	at org.codehaus.groovy.vmplugin.v8.IndyInterface.fromCache(IndyInterface.java:321)
	at nextflow.dag.MermaidHtmlRenderer.renderDocument(MermaidHtmlRenderer.groovy:32)
	at org.codehaus.groovy.vmplugin.v8.IndyInterface.fromCache(IndyInterface.java:321)
	at nextflow.trace.GraphObserver.onFlowComplete(GraphObserver.groovy:85)
	at nextflow.Session.notifyFlowComplete(Session.groovy:1115)
	at nextflow.Session.shutdown0(Session.groovy:738)
	at nextflow.Session.destroy(Session.groovy:683)
	at nextflow.script.ScriptRunner.shutdown(ScriptRunner.groovy:260)
	at nextflow.script.ScriptRunner.execute(ScriptRunner.groovy:146)
	at nextflow.cli.CmdRun.run(CmdRun.groovy:372)
	at nextflow.cli.Launcher.run(Launcher.groovy:503)
	at nextflow.cli.Launcher.main(Launcher.groovy:657)
Oct-30 11:25:23.203 [main] DEBUG nextflow.cache.CacheDB - Closing CacheDB done
Oct-30 11:25:23.229 [main] INFO  org.pf4j.AbstractPluginManager - Stop plugin 'nf-validation@1.1.3'
Oct-30 11:25:23.230 [main] DEBUG nextflow.plugin.BasePlugin - Plugin stopped nf-validation
Oct-30 11:25:23.233 [main] DEBUG nextflow.script.ScriptRunner - > Execution complete -- Goodbye
